building_area,roof_type,road_length,waterbody_area,timestamp
218.5430534813131,Tin,56.71736066225962,827.5189221063031,2024-08-30 16:32:30.927458
477.8214378844623,Others,53.126368986675786,764.5277946547177,2024-08-29 16:32:30.927474
379.3972738151323,Tiled,12.307785922579212,573.5289514555733,2024-08-28 16:32:30.927475
319.3963178886665,Others,40.71230448635407,956.047143611933,2024-08-27 16:32:30.927476
120.20838819909643,Others,44.21760569072713,200.47451552840278,2024-08-26 16:32:30.927477
120.1975341512912,Tin,45.894050280721046,109.26421030962142,2024-08-25 16:32:30.927477
76.13762547568976,Others,62.215513230459905,853.9619669554221,2024-08-24 16:32:30.927478
439.7792655987208,Tin,58.02422920541906,439.1498166337483,2024-08-23 16:32:30.927479
320.50175528444396,RCC,64.71145835141002,846.9688542070604,2024-08-22 16:32:30.927479
368.63266000822045,RCC,78.83949353879154,893.0902051954149,2024-08-21 16:32:30.927480
59.263022433111104,Tin,83.16871648444841,62.45759361907144,2024-08-20 16:32:30.927481
486.45943347289744,RCC,74.6310768603845,883.4647629860607,2024-08-19 16:32:30.927481
424.59918836018977,Tiled,95.99713263594413,448.3190553694222,2024-08-18 16:32:30.927482
145.55259980522428,Others,11.640932440872547,510.4324890042322,2024-08-17 16:32:30.927482
131.82123524319528,Tiled,27.620018711519148,626.5925110932102,2024-08-16 16:32:30.927483
132.53202943404523,Others,10.68065874803279,926.3826067300868,2024-08-15 16:32:30.927483
186.90900933179196,RCC,68.27272427391426,19.11609442976403,2024-08-14 16:32:30.927484
286.140394234507,Tiled,90.82274940549883,476.8434683178171,2024-08-13 16:32:30.927484
244.3752583889521,RCC,31.913406691866935,687.7220424305607,2024-08-12 16:32:30.927485
181.05311308911885,Others,93.4331090316676,722.7069576982285,2024-08-11 16:32:30.927485
325.33380262507075,Tin,15.424065126060476,692.532431537108,2024-08-10 16:32:30.927486
112.77223729341883,Tin,94.09924241249628,134.43512940812187,2024-08-09 16:32:30.927486
181.46509184084817,Tiled,41.6460418515671,299.39558837168124,2024-08-08 16:32:30.927487
214.86282948216126,RCC,19.127874560429486,358.71552541701345,2024-08-07 16:32:30.927487
255.23149289766616,RCC,53.72845832676931,804.437207679505,2024-08-06 16:32:30.927488
403.3291826268561,Tiled,33.109891094845715,278.759872414553,2024-08-05 16:32:30.927488
139.85320197126188,Tin,35.638561176573056,210.70496386720316,2024-08-04 16:32:30.927489
281.40549728612524,Others,37.656096843365795,957.4480190380962,2024-08-03 16:32:30.927489
316.5865559879191,Tiled,82.27233080493971,8.8632851134689,2024-08-02 16:32:30.927490
70.90268572399897,Others,58.52451490077291,997.8208556819782,2024-08-01 16:32:30.927490
323.39518335564725,Tin,38.017692924040325,676.8212988573956,2024-07-31 16:32:30.927491
126.73585565928119,RCC,64.93004049798266,828.4692994491171,2024-07-30 16:32:30.927491
79.27321684337578,Tin,74.45356068008742,294.6193963461932,2024-07-29 16:32:30.927492
476.99849176399994,Tiled,34.53616006601804,14.315277667059977,2024-07-28 16:32:30.927492
484.53441488355173,RCC,47.21941913728163,737.8695185615301,2024-07-27 16:32:30.927493
413.7788066524075,Tiled,20.96974840032528,834.1445970006757,2024-07-26 16:32:30.927493
187.07619612801682,Tiled,26.303441458121227,740.4761319535191,2024-07-25 16:32:30.927494
93.95245130287275,Tin,71.30060685684845,142.8502873008386,2024-07-24 16:32:30.927494
357.9048619304706,Tiled,26.329451292606425,753.427922256969,2024-07-23 16:32:30.927495
248.06862218282058,Tin,57.26470453003542,768.922782107641,2024-07-22 16:32:30.927495
104.91720568015047,RCC,73.81416355501894,658.5405156700549,2024-07-21 16:32:30.927496
272.8296095500716,Tin,19.618923078526944,766.1159327955862,2024-07-20 16:32:30.927496
65.47483450184828,RCC,61.058099766601316,845.9214396777321,2024-07-19 16:32:30.927497
459.1941809354519,Tin,33.09065053312274,613.6041142374585,2024-07-18 16:32:30.927497
166.4509917200076,Others,96.66341877138218,88.60471396967907,2024-07-17 16:32:30.927498
348.1350279592919,Others,53.51910820479323,487.62780966721084,2024-07-16 16:32:30.927498
190.26998424023492,Tiled,82.53932947976423,77.64933467160506,2024-07-15 16:32:30.927499
284.0306095300149,Tin,59.52038879406356,407.54303103243086,2024-07-14 16:32:30.927499
296.01962570447586,Tin,13.907127956933724,407.10648912562766,2024-07-13 16:32:30.927500
133.18450498648716,RCC,66.98362380346201,66.00984414024158,2024-07-12 16:32:30.927500
486.31308249405134,Tiled,95.62630079859913,348.8205339694793,2024-07-11 16:32:30.927501
398.80977051250153,Tin,64.14506381316981,110.99809879131483,2024-07-10 16:32:30.927501
472.7745237038851,Tiled,83.72699734841112,808.2352100092222,2024-07-09 16:32:30.927502
452.67230769244196,Others,89.5785817013567,947.6880259644707,2024-07-08 16:32:30.927502
319.0549904649883,Tin,30.527179475403923,72.3164752579386,2024-07-07 16:32:30.927503
464.84340576040256,Tin,29.0840355917404,955.1152072917014,2024-07-06 16:32:30.927503
89.82162592336377,Tiled,64.98828899658926,522.5765993367452,2024-07-05 16:32:30.927504
138.19228808861533,Tin,46.99256228260342,299.5656779538739,2024-07-04 16:32:30.927504
70.35228000974213,Tiled,85.58751725800484,76.86207527616351,2024-07-03 16:32:30.927505
196.39864884346895,Tin,91.002081105821,500.6242680704178,2024-07-02 16:32:30.927505
224.9047803602669,RCC,41.807924137244626,794.5155444907487,2024-07-01 16:32:30.927506
172.10706429825316,Tiled,31.318350307703387,707.0864772666981,2024-06-30 16:32:30.927506
422.9318791183682,Tin,80.24729637194757,50.22601146397376,2024-06-29 16:32:30.927507
210.53899701211517,Others,34.73254319933225,72.90183536790352,2024-06-28 16:32:30.927507
176.42052935932134,Tin,84.03528866623105,402.8732826326371,2024-06-27 16:32:30.927508
294.21323742121183,Others,48.13644282838865,295.2904940479433,2024-06-26 16:32:30.927509
113.41590123864319,Others,70.07949093623235,232.38432305604783,2024-06-25 16:32:30.927509
410.98864133931784,RCC,18.598178245120135,281.0044989087136,2024-06-24 16:32:30.927510
83.54778965589686,Tiled,66.14733922089157,803.4827432968847,2024-06-23 16:32:30.927510
494.0991214702328,Tin,50.65909108635062,929.2280536318539,2024-06-22 16:32:30.927511
397.51014618349586,RCC,62.79476168579267,405.1026945275664,2024-06-21 16:32:30.927511
139.4220566903776,Tin,25.12127869703771,906.1110021324971,2024-06-20 16:32:30.927512
52.48495270562108,Others,76.31863704497638,321.495701247882,2024-06-19 16:32:30.927512
416.95764280467534,Tiled,87.65173697889057,476.4369863437916,2024-06-18 16:32:30.927513
368.0858047314277,Tin,29.506582008169808,226.02899781599973,2024-06-17 16:32:30.927513
378.0532256184443,Tin,18.614309996814555,640.476042175844,2024-06-16 16:32:30.927514
397.0716560086756,Others,12.127472744170277,978.9811151748089,2024-06-15 16:32:30.927514
83.32009328034066,Tin,67.77743503989394,603.4930960433786,2024-06-14 16:32:30.927515
211.30957784492267,Tin,64.63846324799027,357.81408411354886,2024-06-13 16:32:30.927516
102.14107678630837,Others,59.2027671442663,647.8174459905284,2024-06-12 16:32:30.927516
438.3965416440171,RCC,30.875238650437787,122.92067846538757,2024-06-11 16:32:30.927517
330.48415707240105,Others,45.18153963149632,888.6590802653986,2024-06-10 16:32:30.927519
198.90411118369212,RCC,63.50287016675557,503.08395077983636,2024-06-09 16:32:30.927519
78.60125762871064,Tiled,54.709017297325246,449.3497420396421,2024-06-08 16:32:30.927520
189.94204477204798,RCC,98.90069681933986,585.8647884535192,2024-06-07 16:32:30.927520
196.33249491203617,RCC,22.27957773010598,624.7838627894024,2024-06-06 16:32:30.927521
378.32278025212884,Tiled,72.56300986428344,71.77580622651303,2024-06-05 16:32:30.927521
336.9008621098459,RCC,46.38868912938629,682.6172212234025,2024-06-04 16:32:30.927522
449.24573415934697,Others,48.53796534330533,241.93168031552958,2024-06-03 16:32:30.927522
262.4967163228772,RCC,74.58379890923587,713.9526325065898,2024-06-02 16:32:30.927523
103.81741067223577,Tiled,72.31925361919326,822.5347943841967,2024-06-01 16:32:30.927523
370.9601542503477,Others,99.21303943319695,803.9585075525202,2024-05-31 16:32:30.927524
392.35327187760385,Tiled,21.55548605087127,552.5009674078891,2024-05-30 16:32:30.927524
302.5747389062733,Tiled,19.36986844457497,520.1698923107512,2024-05-29 16:32:30.927525
396.93523097955244,Tin,75.1904935415867,142.87596133941173,2024-05-28 16:32:30.927525
272.20801836397584,Tin,62.05482253057682,775.3461504031355,2024-05-27 16:32:30.927526
285.22977322189735,Tiled,34.67445999038253,271.40938044671435,2024-05-26 16:32:30.927526
242.39345826134732,Tiled,17.147743209008794,496.69542281794656,2024-05-25 16:32:30.927527
61.43860703484283,Tiled,17.70924246367875,284.27409292751673,2024-05-24 16:32:30.927527
98.551142146987,Tin,90.47717871977065,133.82836299969313,2024-05-23 16:32:30.927528
64.14313355903042,Tin,27.268059224686862,629.5576968917366,2024-05-22 16:32:30.927528
336.3846850687012,RCC,39.10344059039687,54.33203482290383,2024-05-21 16:32:30.927529
191.460191484347,RCC,30.399076200428922,748.6452341262,2024-05-20 16:32:30.927529
278.85681102411627,Tiled,41.94966752487436,317.58679526111666,2024-05-19 16:32:30.927530
458.40491326674186,Others,16.248145847148404,0.13469300448532007,2024-05-18 16:32:30.927530
162.18150311699372,Others,56.715381181744334,511.1291392372298,2024-05-17 16:32:30.927531
234.6723153660334,Tin,16.08513072329934,46.85190852760313,2024-05-16 16:32:30.927531
389.9980123443719,Tin,82.03208570401254,276.16955782089946,2024-05-15 16:32:30.927532
152.9591744712301,Tin,31.034087371938973,706.9764874557162,2024-05-14 16:32:30.927532
84.64095942295684,Tiled,58.601072314405954,62.68962162186587,2024-05-13 16:32:30.927533
180.38815381119562,Others,89.20711788053124,839.3384923560023,2024-05-12 16:32:30.927533
122.54957926430198,RCC,68.57896321424748,3.819922658583108,2024-05-11 16:32:30.927534
468.36394355415786,Tiled,57.966200789620174,246.82386920190226,2024-05-10 16:32:30.927534
413.65417080398765,RCC,39.190037780383804,740.9040561520715,2024-05-09 16:32:30.927535
335.03169042969057,RCC,39.97017217523781,316.2701497293068,2024-05-08 16:32:30.927535
442.15726558447295,Tiled,70.25382596783712,101.89238806601352,2024-05-07 16:32:30.927536
411.6524346046015,RCC,99.47254250990508,360.2339188004279,2024-05-06 16:32:30.927536
133.95652649871613,Others,69.56552708644408,270.39328638452554,2024-05-05 16:32:30.927537
451.65154932049,RCC,60.20050756330224,842.7119021605549,2024-05-04 16:32:30.927537
292.7040088620428,Others,75.75854592153215,313.34791758514314,2024-05-03 16:32:30.927538
413.34806982382815,Others,51.86850510553463,788.9324717760072,2024-05-02 16:32:30.927538
453.24108496557193,Others,15.412810834070669,891.8721448107348,2024-05-01 16:32:30.927539
193.10156373733875,Tin,60.60671342901188,433.8174195765295,2024-04-30 16:32:30.927539
99.52336603745454,RCC,96.18627560548421,909.943143854392,2024-04-29 16:32:30.927540
152.57082314387375,Tiled,25.77726481218937,377.3180539631928,2024-04-28 16:32:30.927540
242.19850488181535,Tiled,72.10044017385992,964.0784164901082,2024-04-27 16:32:30.927541
418.1066446651219,RCC,28.084031979315082,89.28952452557293,2024-04-26 16:32:30.927541
437.32876246535454,Tin,58.22449160257732,687.0192665032428,2024-04-25 16:32:30.927542
53.128458739035814,Tin,18.700880468204765,493.8140404569287,2024-04-24 16:32:30.927542
279.8362861599046,Others,50.53338426323666,387.64880545564705,2024-04-23 16:32:30.927543
237.83495141695056,RCC,78.05469960057215,632.711878748601,2024-04-22 16:32:30.927544
149.9485147118286,RCC,41.28143718150839,703.8570916343311,2024-04-21 16:32:30.927544
103.93941530015726,Tiled,69.84205520384963,4.363269650309087,2024-04-20 16:32:30.927545
201.9268271316326,RCC,81.59049647107562,166.9530887471987,2024-04-19 16:32:30.927545
474.3093667606336,Tin,93.44600375315073,713.0460506343187,2024-04-18 16:32:30.927546
195.44131940933985,RCC,31.117787366990818,666.3854135782065,2024-04-17 16:32:30.927546
283.45577978451473,Tiled,45.938432422837735,966.0475051286772,2024-04-16 16:32:30.927547
366.35853150283003,Others,23.717441199737568,761.037790250783,2024-04-15 16:32:30.927547
213.63332107068229,Tiled,99.32351519425377,950.7727077313381,2024-04-14 16:32:30.927548
487.3019372244323,Tiled,93.43008711318657,702.5405015348069,2024-04-13 16:32:30.927548
483.1012827239501,Others,58.59614172525036,298.05220863944317,2024-04-12 16:32:30.927549
163.30203312141387,Tiled,85.78299649387792,105.36492225085648,2024-04-11 16:32:30.927549
273.76182765157347,Tiled,56.8862179544838,781.8238633449356,2024-04-10 16:32:30.927550
185.39523941754635,RCC,66.12271192024838,644.149221475916,2024-04-09 16:32:30.927550
178.17822246986043,RCC,18.021198890441497,48.18601239329623,2024-04-08 16:32:30.927551
66.59912630953976,Others,77.97433784471271,360.05046590097834,2024-04-07 16:32:30.927551
324.3039502909536,RCC,21.494213527171134,956.7998154842861,2024-04-06 16:32:30.927552
276.2055604529877,RCC,84.34608672272755,500.4011457102012,2024-04-05 16:32:30.927552
73.16543806249521,Tiled,80.38252789033473,432.72913601970464,2024-04-04 16:32:30.927553
175.39090890647515,Tin,73.78702279686787,457.699605159294,2024-04-03 16:32:30.927553
458.7196486849942,RCC,13.254434247228591,208.8827240051637,2024-04-02 16:32:30.927554
157.80285080013758,Tin,37.28155203507958,368.7071708647952,2024-04-01 16:32:30.927554
115.20269244105039,RCC,33.680131291975854,369.8132559871766,2024-03-31 16:32:30.927555
270.25374212490334,RCC,42.41227667243672,52.3550201874724,2024-03-30 16:32:30.927555
493.5427043497703,Others,17.88784720874547,767.5676285179183,2024-03-29 16:32:30.927556
158.92487218017519,Others,94.32620407279565,416.504431903879,2024-03-28 16:32:30.927556
352.4609963326453,Others,59.842201664113865,822.1798868164233,2024-03-27 16:32:30.927557
392.7288268979229,Tin,37.49718795922212,850.3480011198953,2024-03-26 16:32:30.927557
156.93689479657985,Tiled,45.72833653668551,211.99405469865806,2024-03-25 16:32:30.927558
377.6973568753368,RCC,50.24822864543521,657.3534821701286,2024-03-24 16:32:30.927558
215.50240972366396,RCC,64.05349000245556,472.2818041629817,2024-03-23 16:32:30.927559
334.53762376711074,RCC,56.4111484926848,880.156737921485,2024-03-22 16:32:30.927559
335.08836984240264,Tin,92.74527758929756,215.7406791764541,2024-03-21 16:32:30.927560
291.0986078336413,Others,54.726713461524724,677.8132003100442,2024-03-20 16:32:30.927560
90.63039652448374,Tiled,99.29422133409814,607.7521222527225,2024-03-19 16:32:30.927561
425.88612301515707,Tin,86.62824619705862,295.3014775718328,2024-03-18 16:32:30.927561
194.35102923728113,Others,28.765946292160223,136.60090365117262,2024-03-17 16:32:30.927562
133.93332967993442,Tin,93.75356931795247,651.6397604772766,2024-03-16 16:32:30.927562
68.34881369964376,Tiled,20.472975809692848,738.5974581323306,2024-03-15 16:32:30.927563
315.90182443470883,Others,83.57047376420724,315.62734376335,2024-03-14 16:32:30.927563
354.9039628290271,Tin,44.256096412892205,644.8326040223138,2024-03-13 16:32:30.927564
57.46452301753527,Tiled,89.01768884005625,395.1309076115033,2024-03-12 16:32:30.927564
280.44187623467644,RCC,88.12510210967054,713.2068832826177,2024-03-11 16:32:30.927565
151.92309883907208,Tiled,82.5332860105859,199.2152748940531,2024-03-10 16:32:30.927565
340.32775568425245,RCC,81.10273926763553,890.2150026361744,2024-03-09 16:32:30.927566
128.46489305224614,Tin,37.42112251882367,287.40959646557974,2024-03-08 16:32:30.927566
360.92198214610966,Others,17.282735474612696,367.7859877561529,2024-03-07 16:32:30.927567
224.03090583524184,Others,46.268216088864534,58.091952080349785,2024-03-06 16:32:30.927567
471.52849493153053,Tin,25.617206348785782,111.5122123212764,2024-03-05 16:32:30.927568
111.88442486569696,Others,72.54559800122155,515.8619027123282,2024-03-04 16:32:30.927568
203.47985797261632,Others,41.1489753884007,267.5926767279715,2024-03-03 16:32:30.927568
101.06308455826507,RCC,97.80491807739234,835.4802257421944,2024-03-02 16:32:30.927569
466.1121282253533,Tin,67.68748696107988,14.693388654953843,2024-03-01 16:32:30.927569
444.80270902144144,Tiled,84.02325072709249,379.0940486719362,2024-02-29 16:32:30.927570
166.07373247182002,RCC,21.927220546766357,337.34554676909266,2024-02-28 16:32:30.927571
346.99282071538056,Tin,87.58130340453603,19.327630917601034,2024-02-27 16:32:30.927571
417.7499900905471,RCC,93.0481471462055,124.36839900051022,2024-02-26 16:32:30.927572
299.84036521975804,Tiled,53.83557269370423,413.6426749186353,2024-02-25 16:32:30.927572
288.3427602602029,Tiled,64.56276439758797,492.86458444744665,2024-02-24 16:32:30.927572
158.83353090520325,Tin,78.83288208126959,404.2897472548691,2024-02-23 16:32:30.927573
91.89624551265464,Tiled,25.73547645343713,530.9376784120939,2024-02-22 16:32:30.927573
453.747091078997,RCC,55.23094688170982,595.1316749056815,2024-02-21 16:32:30.927574
455.18812572349873,Tiled,45.87967249950818,9.92382112783563,2024-02-20 16:32:30.927574
334.8956557729706,RCC,23.17365929460242,464.09515945350387,2024-02-19 16:32:30.927575
202.5634059719153,RCC,43.07809800623783,963.4992408875884,2024-02-18 16:32:30.927575
207.1443085756974,Tiled,16.13550784469442,519.0322801295487,2024-02-17 16:32:30.927576
376.68005549160773,Tin,12.323071625453828,677.5422674589532,2024-02-16 16:32:30.927576
453.6996169786597,Others,22.16496602393405,311.8638579168832,2024-02-15 16:32:30.927577
449.18889091930276,Tiled,96.68036004302564,773.9913781527625,2024-02-14 16:32:30.927577
400.9439956359307,RCC,59.45765823055153,772.9214818761151,2024-02-13 16:32:30.927578
338.9142407694295,RCC,96.9239945037898,521.296047654139,2024-02-12 16:32:30.927578
87.86298424777198,Tiled,48.924809049711875,976.0138232792136,2024-02-11 16:32:30.927579
122.73292134257619,Tin,38.06345197767336,125.55021476265338,2024-02-10 16:32:30.927579
454.34938483718565,Tin,55.55276765562197,16.94766488958099,2024-02-09 16:32:30.927580
322.89307684681546,RCC,49.55605197696191,770.158211757096,2024-02-08 16:32:30.927580
54.138673227483345,RCC,19.509821583556953,807.1555373648825,2024-02-07 16:32:30.927581
95.66219428971445,Tin,67.67436832211857,120.20722912057624,2024-02-06 16:32:30.927581
348.5757960986251,Others,29.443436425863965,265.58283295860605,2024-02-05 16:32:30.927582
52.277712730798406,Tiled,65.76291594080466,17.55236336662891,2024-02-04 16:32:30.927582
122.3636231378744,RCC,68.51809831583381,293.3086107805647,2024-02-03 16:32:30.927583
296.93020521496373,RCC,23.68223678157833,773.1418739186715,2024-02-02 16:32:30.927583
361.35283896171194,Tin,15.521466439960134,517.9605277125789,2024-02-01 16:32:30.927584
343.3825667761702,Tiled,80.26854274615958,348.0955931682881,2024-01-31 16:32:30.927584
150.9211892572519,Tin,51.382038139238816,371.7392949063303,2024-01-30 16:32:30.927585
370.4806496063911,Tiled,15.234741595492821,1.3536257154681541,2024-01-29 16:32:30.927585
156.76208937356003,Tiled,99.53796854527904,299.8005275652359,2024-01-28 16:32:30.927586
196.4298641716705,Tiled,15.200250489672998,646.4587416379305,2024-01-27 16:32:30.927586
385.9211323031109,RCC,72.55317059726978,974.1944438163571,2024-01-26 16:32:30.927587
342.3348045712466,Others,98.53110327370723,847.0608269838995,2024-01-25 16:32:30.927587
432.1505347223801,Tin,31.526209379433304,23.594964645529124,2024-01-24 16:32:30.927588
345.9258015351545,Others,22.802443181847657,898.5606046748393,2024-01-23 16:32:30.927588
305.7388715009622,Tin,20.924644548018602,783.198413298626,2024-01-22 16:32:30.927589
92.15364552264161,Tiled,37.2947632810836,780.3761235709804,2024-01-21 16:32:30.927589
215.4721113767451,RCC,19.0941229909582,457.9957590035715,2024-01-20 16:32:30.927590
169.34106545677645,Others,72.29452075247187,398.0052929545028,2024-01-19 16:32:30.927590
159.79533952058762,RCC,15.606261831705643,302.91572883319265,2024-01-18 16:32:30.927591
487.85474963860054,Tin,55.84799153348107,65.69485895436577,2024-01-17 16:32:30.927591
226.89397610004218,RCC,99.70271684676791,228.2353634936991,2024-01-16 16:32:30.927592
451.420949829701,RCC,83.25732425554169,246.60363497802462,2024-01-15 16:32:30.927592
334.0123816987683,Others,65.36974944079098,484.0770697102016,2024-01-14 16:32:30.927593
407.66508659374176,Tiled,37.56282587079505,747.444406596694,2024-01-13 16:32:30.927593
276.18669189733646,RCC,66.15062526624746,473.8098283979466,2024-01-12 16:32:30.927594
309.6067480818616,Tiled,57.433731752048644,57.844449447160606,2024-01-11 16:32:30.927594
271.63296221848873,Tin,48.347504550133436,957.7898009882039,2024-01-10 16:32:30.927595
137.85934450912004,RCC,21.763933906617954,942.7243190941123,2024-01-09 16:32:30.927595
375.1034518676774,Others,89.79437937164201,785.1895431484083,2024-01-08 16:32:30.927596
176.3475630983851,Tin,50.48061839391902,991.3279015642206,2024-01-07 16:32:30.927596
60.94218489415423,Tin,27.516026063868857,544.482332800263,2024-01-06 16:32:30.927597
340.46253315822554,Others,43.09834157895607,962.7683502532061,2024-01-05 16:32:30.927597
129.699805733172,RCC,47.27167772760343,75.60504061675077,2024-01-04 16:32:30.927598
473.20636295881144,RCC,84.47841060101868,365.6807482613713,2024-01-03 16:32:30.927598
479.2678596511643,Tin,76.02529425052619,225.38126800676582,2024-01-02 16:32:30.927599
461.68897559920185,RCC,79.23744042772059,195.83308413427002,2024-01-01 16:32:30.927599
216.57141511494999,Tiled,10.992813798578249,140.80294889267608,2023-12-31 16:32:30.927600
56.95547743799034,Others,47.45385983617854,622.4136415659966,2023-12-30 16:32:30.927600
467.74335316447645,Tiled,53.32097364717912,781.3218557473051,2023-12-29 16:32:30.927601
242.68286674279145,RCC,11.727304914075102,578.2983994203606,2023-12-28 16:32:30.927601
484.9946685696513,Tin,33.38318878705308,146.96270958820966,2023-12-27 16:32:30.927602
483.6289896901638,Others,78.42608408099215,811.123769933471,2023-12-26 16:32:30.927602
433.854254960312,RCC,22.339873515609916,635.9547071637285,2023-12-25 16:32:30.927603
182.50200143131357,RCC,58.17791183073325,388.16570612699553,2023-12-24 16:32:30.927603
223.29397787086637,Tin,29.368168481551375,674.1302955360629,2023-12-23 16:32:30.927604
433.0115021825856,Tin,11.090869717950394,259.90497924283284,2023-12-22 16:32:30.927604
192.61490232032494,Tiled,31.708131183958734,345.1922084942105,2023-12-21 16:32:30.927605
126.27173600874161,Others,97.82863794190484,917.4858431319902,2023-12-20 16:32:30.927605
300.56056810625756,Others,82.13834006946907,290.50450567142036,2023-12-19 16:32:30.927606
471.2696483723514,Tin,96.361897988893,469.9882681579366,2023-12-18 16:32:30.927606
363.21340850373787,Tiled,53.90686395337262,890.1411373960146,2023-12-17 16:32:30.927607
306.52752654021424,Others,19.876257880975317,707.7213502675274,2023-12-16 16:32:30.927607
93.72942219684585,Tin,59.31635400763236,62.203226164702755,2023-12-15 16:32:30.927608
326.75325201462636,RCC,50.89396011039648,147.30304427897033,2023-12-14 16:32:30.927608
495.5242325469185,Others,85.99213744656544,7.841590771916818,2023-12-13 16:32:30.927609
113.03780685643581,Tiled,18.827432270582012,630.9217902291634,2023-12-12 16:32:30.927609
283.24834356368154,Tiled,53.94170233196004,447.6734254104183,2023-12-11 16:32:30.927610
444.81788236757995,Tiled,23.50437982245858,134.27485090227555,2023-12-10 16:32:30.927610
383.345877989392,RCC,39.2208334201054,957.9341210567704,2023-12-09 16:32:30.927611
363.6570834478706,Others,76.36213696490196,529.6597239456199,2023-12-08 16:32:30.927611
366.11783779419915,Others,52.84163164318899,241.89329411288918,2023-12-07 16:32:30.927612
211.77101804888983,RCC,43.82994566311924,500.60357115470754,2023-12-06 16:32:30.927612
182.116329919022,Others,45.50286507130318,679.6203327351078,2023-12-05 16:32:30.927613
414.2125199653311,RCC,51.350209156538796,76.23921797356448,2023-12-04 16:32:30.927613
414.55102760563136,RCC,80.65148894533512,274.70381504789196,2023-12-03 16:32:30.927614
440.18254336104667,RCC,90.2876220046211,806.9654908839937,2023-12-02 16:32:30.927614
460.9582486504121,Tiled,95.98012178535355,459.6648704026612,2023-12-01 16:32:30.927615
280.104079487422,Others,80.82130476297655,546.5771420322949,2023-11-30 16:32:30.927615
275.68233260923984,RCC,38.38662061732114,432.8160022094693,2023-11-29 16:32:30.927616
409.23283053504883,Others,71.93212354778879,43.89994264300512,2023-11-28 16:32:30.927616
342.4837688499943,Tiled,49.384281164985275,165.74977982015594,2023-11-27 16:32:30.927617
365.8850947659665,RCC,32.92035598414461,445.5416387418909,2023-11-26 16:32:30.927617
408.10670124624545,Tin,85.67844214833303,209.1854654079278,2023-11-25 16:32:30.927618
450.50240381790485,Tiled,13.458371406609249,49.97902865967874,2023-11-24 16:32:30.927618
202.09782058319112,Tin,91.15857929218812,843.6496640518237,2023-11-23 16:32:30.927619
219.01232868797482,Others,51.53297181622607,981.1925291641159,2023-11-22 16:32:30.927619
92.29187292839104,Others,67.34813291274524,793.1428739967395,2023-11-21 16:32:30.927620
310.2260634482783,Tiled,69.34185299852044,853.784921704667,2023-11-20 16:32:30.927620
66.17402320853394,Others,90.56059666358827,241.97713031704538,2023-11-19 16:32:30.927621
259.5191081596071,Tin,67.30027139504865,960.6269755131998,2023-11-18 16:32:30.927621
294.19008561840946,RCC,65.25402262840556,196.92570445342838,2023-11-17 16:32:30.927622
178.94356345772798,RCC,15.998683650462096,951.4298103618323,2023-11-16 16:32:30.927622
315.87496725605484,RCC,56.656721975068365,994.819293965951,2023-11-15 16:32:30.927623
63.72511247257224,Tiled,23.515210073533748,711.7228057460487,2023-11-14 16:32:30.927623
66.80668493714649,Others,76.3690391849337,981.1437317918219,2023-11-13 16:32:30.927624
420.17025229684623,Tin,56.0999728731407,569.5397795671037,2023-11-12 16:32:30.927624
212.0857886350683,Others,71.2205001287518,259.54178317609035,2023-11-11 16:32:30.927625
107.17723069334815,Others,13.750561054214584,436.99588566562085,2023-11-10 16:32:30.927625
285.00946702466194,Others,17.63128144412229,593.560935378786,2023-11-09 16:32:30.927626
396.49709889437486,RCC,74.4691049256414,73.081562027015,2023-11-08 16:32:30.927626
147.11946237357944,Tin,16.487590239880603,622.3432646172461,2023-11-07 16:32:30.927627
330.3007141185501,Tin,16.413105498873275,981.1778367622945,2023-11-06 16:32:30.927627
88.4063592471956,Others,11.08976277113987,190.10764978372762,2023-11-05 16:32:30.927628
73.25677452587347,RCC,96.0851258469532,792.5951162883833,2023-11-04 16:32:30.927628
289.1095842056666,RCC,76.37575235131062,907.8987937796194,2023-11-03 16:32:30.927629
293.2858047245479,Tin,41.79262676518577,943.7015928202209,2023-11-02 16:32:30.927629
336.84345567419297,RCC,36.68820231588897,960.1356044054472,2023-11-01 16:32:30.927630
376.7411001751977,RCC,41.47329067712646,521.459638721472,2023-10-31 16:32:30.927630
489.1334357581406,RCC,79.71881780630636,977.3079079915037,2023-10-30 16:32:30.927631
282.3351567355379,Tiled,69.52335499633729,757.3102071344389,2023-10-29 16:32:30.927631
195.3304128235607,Others,26.667601108072112,161.6714362369619,2023-10-28 16:32:30.927632
407.83378764591663,Tin,25.66984018006759,476.90010646797,2023-10-27 16:32:30.927632
171.8745130679334,Tin,18.85560847420576,718.3311753720039,2023-10-26 16:32:30.927633
247.53713931753626,Tiled,69.42724477312044,247.34031581908334,2023-10-25 16:32:30.927633
85.30537160401968,Others,78.79353959995623,640.6151835488873,2023-10-24 16:32:30.927634
61.40783453695588,Tin,33.85417854925036,666.6004790466193,2023-10-23 16:32:30.927634
483.1917866050663,RCC,11.885046492782154,162.6997438085659,2023-10-22 16:32:30.927635
426.1910542304926,Tin,17.39545007287846,565.0853124527563,2023-10-21 16:32:30.927635
363.18839274216407,RCC,97.10740313605274,771.6269109786077,2023-10-20 16:32:30.927636
234.02882498642145,Tiled,36.59002997296783,498.89566453594193,2023-10-19 16:32:30.927636
127.9824440318806,RCC,79.23008330543203,12.103116776107425,2023-10-18 16:32:30.927637
120.39666920198871,Tin,66.21972119688374,9.038469079292177,2023-10-17 16:32:30.927637
162.6093041740679,Tin,44.37456756876063,357.0293439700122,2023-10-16 16:32:30.927638
297.1519991177542,Tin,28.51185359759996,926.194068431782,2023-10-15 16:32:30.927638
371.56816521502805,Tiled,20.92477763434658,228.67677960360876,2023-10-14 16:32:30.927639
347.08881952297907,Tiled,65.351167123498,634.3636888716871,2023-10-13 16:32:30.927639
175.97025362567427,Others,79.71704025740092,222.07587069332058,2023-10-12 16:32:30.927640
479.68937629843737,Tin,67.95138281870176,321.6699896595486,2023-10-11 16:32:30.927640
382.05361251309586,RCC,57.727191992424245,848.042089601484,2023-10-10 16:32:30.927641
299.4593236301303,Tiled,13.775610108847264,728.8614422699469,2023-10-09 16:32:30.927641
325.2743358054585,Tin,97.16398998349455,95.39927731321063,2023-10-08 16:32:30.927642
238.82002809250545,Tin,81.88427724891172,428.70202098643364,2023-10-07 16:32:30.927642
161.47894527552086,Tiled,36.35398330308683,29.169763645264467,2023-10-06 16:32:30.927643
210.18770539306772,Others,98.19732964229655,480.890146603009,2023-10-05 16:32:30.927643
391.0307497089661,Tiled,64.16934306726898,662.4340117010681,2023-10-04 16:32:30.927644
56.47706988339014,Tiled,62.418039238652185,118.50262359815156,2023-10-03 16:32:30.927644
102.23268822811231,RCC,77.3265861486579,288.88493890916567,2023-10-02 16:32:30.927645
70.70118890978874,RCC,83.05928092811239,397.83662550215695,2023-10-01 16:32:30.927645
68.32796104353656,Others,69.08307465983523,919.5310246560498,2023-09-30 16:32:30.927646
434.95726280495325,Tin,21.528617172958,993.255015422964,2023-09-29 16:32:30.927646
366.64603672101066,Tiled,40.44407553950486,44.91129899561586,2023-09-28 16:32:30.927647
263.37822308929634,Others,93.52752762934448,761.007923495392,2023-09-27 16:32:30.927647
94.02537229295066,RCC,30.215405065946673,371.7240664023432,2023-09-26 16:32:30.927648
271.2271438025746,Tiled,43.4950321453762,392.45818622948,2023-09-25 16:32:30.927648
263.06229685125453,Tin,48.88691946497764,754.2649733470226,2023-09-24 16:32:30.927649
127.94084145950683,RCC,49.5464490725007,918.4264321454086,2023-09-23 16:32:30.927649
245.23324215708786,RCC,65.1645624245073,950.9285945025484,2023-09-22 16:32:30.927650
229.32713047881805,RCC,94.87682539702368,577.1225860383208,2023-09-21 16:32:30.927650
327.1325441234974,Others,31.662344064925446,357.1211593005028,2023-09-20 16:32:30.927651
335.7921428904397,Tin,20.935123867082627,787.5490858587792,2023-09-19 16:32:30.927651
70.38680439742004,Tiled,27.77234408739436,251.00138326230027,2023-09-18 16:32:30.927652
218.57567658191203,Others,89.82324101883425,564.0740288335178,2023-09-17 16:32:30.927652
331.63696207140634,Others,68.12297313896855,358.57846152487315,2023-09-16 16:32:30.927653
276.41131636103944,Others,35.73161103152441,656.6310737078761,2023-09-15 16:32:30.927653
435.42042853474504,RCC,83.43522450717555,240.3989128935069,2023-09-14 16:32:30.927654
346.41213422852525,Tin,87.52329967270924,191.59294573482578,2023-09-13 16:32:30.927654
123.32049218664336,Others,86.18629048212502,918.2390866754371,2023-09-12 16:32:30.927655
81.75593633019344,Tiled,92.7033880275599,101.8036829495369,2023-09-11 16:32:30.927655
339.088675192842,Tin,32.701691815602544,505.95790773493167,2023-09-10 16:32:30.927656
61.930089743729816,Tiled,77.95377358716505,220.8527829630089,2023-09-09 16:32:30.927656
313.5990115730585,Tin,51.4485547546726,38.92996332566745,2023-09-08 16:32:30.927657
473.1036086412309,Tiled,85.77986976010554,36.01881829142639,2023-09-07 16:32:30.927657
308.96338004414554,RCC,75.5641609445452,175.22177210582734,2023-09-06 16:32:30.927658
224.67646679293486,Others,79.88027018497522,866.7703545060002,2023-09-05 16:32:30.927658
339.47969829905895,Tiled,69.05456539129644,282.4787439770267,2023-09-04 16:32:30.927659
256.2138007211825,Tin,25.968589252273617,950.4591705752957,2023-09-03 16:32:30.927659
295.5275551921707,Others,59.05242270072445,581.6222929891935,2023-09-02 16:32:30.927660
473.65916394943633,Others,98.62027655720574,436.6141897687661,2023-09-01 16:32:30.927660
223.74618701034842,Tin,94.36492598474071,580.0888346694546,2023-08-31 16:32:30.927661
482.5357537207614,Tiled,13.885636221731051,516.6983852262678,2023-08-30 16:32:30.927661
457.4077888802287,RCC,24.833333415649342,758.7762537573252,2023-08-29 16:32:30.927662
138.1060106551834,RCC,21.85558961091057,282.49606597285225,2023-08-28 16:32:30.927663
81.21258539382445,Tiled,75.3381918986766,353.05039160030236,2023-08-27 16:32:30.927663
95.350100619842,Others,83.60067968712505,894.0943025332507,2023-08-26 16:32:30.927664
58.19982154319738,Others,29.216022967960473,946.4565131504055,2023-08-25 16:32:30.927664
92.49933234016778,Others,55.52674236566461,892.5582274864745,2023-08-24 16:32:30.927665
357.35304803736057,Others,85.663272521008,419.4479939573136,2023-08-23 16:32:30.927665
82.03489180710305,Tiled,75.95213902896255,780.3655030068817,2023-08-22 16:32:30.927666
193.5390336321926,Others,58.80134849426634,476.3357333010988,2023-08-21 16:32:30.927666
430.19388993625455,Tin,63.13129214128956,497.5398521461022,2023-08-20 16:32:30.927667
60.472371081121636,Others,55.752449222465195,204.68010905728394,2023-08-19 16:32:30.927667
416.5108171650211,RCC,36.77936061869385,591.1303032585165,2023-08-18 16:32:30.927668
176.83464864802997,Others,60.85197935731145,186.13589775334793,2023-08-17 16:32:30.927668
103.17417242974531,Tiled,71.99967718450816,331.56469906719377,2023-08-16 16:32:30.927668
363.5317244138678,RCC,88.59906242747269,855.0302016199352,2023-08-15 16:32:30.927669
333.0242810509478,Tiled,67.26622185813233,207.07580921085523,2023-08-14 16:32:30.927670
444.86240608717384,Tiled,78.50093833388422,71.15828517343282,2023-08-13 16:32:30.927670
380.7819697117486,RCC,24.40644714591157,69.00759261281631,2023-08-12 16:32:30.927671
411.5664186731819,Tiled,51.54017269778109,940.784520503108,2023-08-11 16:32:30.927671
176.91555765708793,Tiled,10.839845784438397,506.92043796183464,2023-08-10 16:32:30.927672
129.84779470087526,Others,32.20109780694607,409.41207181701833,2023-08-09 16:32:30.927672
387.7766382383862,Tin,75.38155436017044,810.8785810079185,2023-08-08 16:32:30.927673
413.0756326702688,Tiled,99.26289562144271,835.825927910516,2023-08-07 16:32:30.927673
495.727313900303,Tiled,18.926028962849433,332.1910331156046,2023-08-06 16:32:30.927674
235.6779546101419,Tiled,46.13448842751594,693.6180574737953,2023-08-05 16:32:30.927674
217.40813860675243,Others,82.00638718292436,771.1228158518866,2023-08-04 16:32:30.927675
399.3858323338986,Tin,28.363207116600897,654.6506868659545,2023-08-03 16:32:30.927675
203.36159311385802,RCC,59.95764543720576,151.59507480009938,2023-08-02 16:32:30.927676
468.84079652160415,Others,75.97641664267073,875.883083517057,2023-08-01 16:32:30.927676
436.2857383293553,Others,65.43869052341611,539.0945527360087,2023-07-31 16:32:30.927677
243.04731231875826,Tin,26.922226115387453,282.4724263700037,2023-07-30 16:32:30.927677
387.8919805061738,Tin,41.984611181716545,425.2281854376939,2023-07-29 16:32:30.927678
389.5442933381071,Others,80.54126060368574,37.57109039890738,2023-07-28 16:32:30.927678
96.40574097616967,RCC,59.8803862718815,127.86680122241756,2023-07-27 16:32:30.927679
456.148808005805,Others,10.470665218862147,765.5467505158608,2023-07-26 16:32:30.927679
277.3635676015357,Tin,78.48916840252845,0.011634755366141114,2023-07-25 16:32:30.927680
421.90585974848375,RCC,13.178021944621516,416.5658284822922,2023-07-24 16:32:30.927680
194.0223204637753,Tin,77.1160404458109,522.5101810855884,2023-07-23 16:32:30.927681
452.9854528232902,RCC,28.223250414871366,54.6344200009723,2023-07-22 16:32:30.927681
225.1407554303734,Tiled,96.22661321074422,973.0781629723328,2023-07-21 16:32:30.927682
54.87694316613426,Tin,43.11466761718761,226.12533124967194,2023-07-20 16:32:30.927682
457.42188938866866,Tin,39.42384547042712,304.1987196362809,2023-07-19 16:32:30.927683
91.0790045537601,Others,23.39992452992002,303.94251225502734,2023-07-18 16:32:30.927683
193.69113691568668,Tin,37.50437939411934,230.41666211734992,2023-07-17 16:32:30.927684
477.5278851728622,Tin,88.89856856453805,1.473822086311416,2023-07-16 16:32:30.927684
477.77321612190025,Tiled,99.67009038645226,729.3447940879963,2023-07-15 16:32:30.927685
308.04704965547876,Tin,43.14785774561635,966.8454997992853,2023-07-14 16:32:30.927685
334.32674547640966,Tiled,50.37495678590883,224.29348328504506,2023-07-13 16:32:30.927686
251.8004848902439,Tiled,74.98638443824633,663.0471918034224,2023-07-12 16:32:30.927686
181.94484726412904,Tiled,89.75762024185671,741.8963269587151,2023-07-11 16:32:30.927687
197.89904541646217,Tiled,63.37399007681057,848.4253790905248,2023-07-10 16:32:30.927687
352.63330523466726,RCC,45.23731283600464,422.62919701360914,2023-07-09 16:32:30.927688
388.568538246956,Others,47.13596567637614,302.9309056404292,2023-07-08 16:32:30.927688
406.21056967663185,RCC,72.60563318471262,325.2951340230311,2023-07-07 16:32:30.927689
405.32816425754925,Tin,10.289643724385082,712.6213330985129,2023-07-06 16:32:30.927691
91.04274637191067,RCC,65.76304037138566,816.779466505636,2023-07-05 16:32:30.927691
272.48913711616166,RCC,41.99437093972217,181.61396775660265,2023-07-04 16:32:30.927692
75.90144200748993,Tin,81.47775981493758,370.9410081577652,2023-07-03 16:32:30.927692
297.287997045681,Tin,18.369157584081893,901.94019674915,2023-07-02 16:32:30.927693
248.68872561801965,Tin,62.93820402535515,806.6935196947393,2023-07-01 16:32:30.927693
449.4668822412349,RCC,53.28756008975114,984.8584027624759,2023-06-30 16:32:30.927694
207.91175564843542,RCC,67.80929733147046,754.2482596820807,2023-06-29 16:32:30.927694
102.68015739242264,Tin,15.836823503467151,393.1952010279223,2023-06-28 16:32:30.927695
114.34625692377614,Others,62.198540868531815,590.6378339946377,2023-06-27 16:32:30.927695
392.6797842728625,Others,60.533612916357136,661.0142542473203,2023-06-26 16:32:30.927696
328.1981284923175,Tiled,60.459408497455385,78.45581631712395,2023-06-25 16:32:30.927696
95.5052042552556,Tin,64.31388999368093,544.496959103865,2023-06-24 16:32:30.927697
87.84806275174884,Tiled,70.8821143503726,709.3208284726096,2023-06-23 16:32:30.927697
365.436109156604,Others,82.44900997126928,167.32130400106038,2023-06-22 16:32:30.927698
82.74335286388708,Tiled,34.28386481153929,780.6317174255571,2023-06-21 16:32:30.927698
419.8370266806603,Tin,84.25444691620558,583.7727805141117,2023-06-20 16:32:30.927699
367.8090022204233,Tin,54.843011403710825,952.2217856975947,2023-06-19 16:32:30.927699
86.6069512888549,Tin,16.935245122089803,42.422298206891696,2023-06-18 16:32:30.927700
88.17697133833636,RCC,15.269583631958128,265.32613755546697,2023-06-17 16:32:30.927700
493.9878103255289,Tiled,40.08144868264547,601.5538792998241,2023-06-16 16:32:30.927701
218.42185809025415,Others,80.64072794003208,296.5599122059307,2023-06-15 16:32:30.927701
216.7889661801009,Others,73.69128412668242,714.4241640712422,2023-06-14 16:32:30.927702
415.75980526587614,Others,80.97534682051658,759.005282521931,2023-06-13 16:32:30.927702
476.2618598227364,RCC,56.55421507974484,102.51596406647445,2023-06-12 16:32:30.927703
493.7004787202919,RCC,49.61790981599415,513.8544642067677,2023-06-11 16:32:30.927703
389.0201833665237,Tin,23.270727403565555,508.8905555910559,2023-06-10 16:32:30.927704
219.3168134889121,Others,39.53734782483804,369.28077021554105,2023-06-09 16:32:30.927704
87.57532251440094,RCC,49.061742955648775,932.9248625696721,2023-06-08 16:32:30.927705
399.7161121673466,Tin,17.97403867116555,827.5063198732212,2023-06-07 16:32:30.927705
301.28191238111225,Others,29.855075744009014,697.2093819096368,2023-06-06 16:32:30.927706
240.89990416113932,Tiled,63.840276465736494,714.3266357349976,2023-06-05 16:32:30.927706
457.8594732926312,Tin,76.20968028152708,461.7161438131191,2023-06-04 16:32:30.927707
100.0388670377681,RCC,99.85127602536546,920.9945210965759,2023-06-03 16:32:30.927707
271.6812969308866,RCC,93.98019982092019,694.5954272532854,2023-06-02 16:32:30.927708
55.10914014533858,Tin,67.83086795816723,728.9810616558165,2023-06-01 16:32:30.927708
260.8972888973568,Tin,47.91232479646648,861.6909037873453,2023-05-31 16:32:30.927709
75.3364740568268,RCC,67.25596282374094,274.071589342191,2023-05-30 16:32:30.927709
103.46806232063237,Tiled,80.70864562722087,807.070903866703,2023-05-29 16:32:30.927710
102.8868110496972,Others,20.65025718310486,195.24060295649204,2023-05-28 16:32:30.927710
342.1446359522286,Tiled,46.891440072665944,345.34195224488786,2023-05-27 16:32:30.927711
385.7201956694405,Tin,85.58220570720555,335.6104542698427,2023-05-26 16:32:30.927711
312.5159442937218,Tiled,44.54496567397396,978.5254683891405,2023-05-25 16:32:30.927712
482.97764681354386,RCC,61.46850441044679,856.5372237479269,2023-05-24 16:32:30.927712
218.69176078566682,Tin,62.89924247759784,701.1698615902598,2023-05-23 16:32:30.927713
178.57043882683732,Others,26.602862782027543,727.0567616153901,2023-05-22 16:32:30.927713
440.8696076852571,RCC,42.601189748705956,562.072794402571,2023-05-21 16:32:30.927714
150.61812733375368,RCC,40.10601598677389,947.090667108519,2023-05-20 16:32:30.927714
483.4501427482751,Others,12.357703767885832,496.25875288236153,2023-05-19 16:32:30.927715
55.46951361041735,Others,12.177258750221972,380.51770986989453,2023-05-18 16:32:30.927715
486.44547201843756,Tiled,84.85273393081961,163.035336931591,2023-05-17 16:32:30.927716
69.42196037775925,Tin,34.576372897553114,786.2056522610579,2023-05-16 16:32:30.927716
451.014401164132,Others,56.62708896149339,734.4439320755914,2023-05-15 16:32:30.927717
287.4654990888349,Others,36.88530162298957,384.3550385241349,2023-05-14 16:32:30.927717
496.83415825368513,Tin,94.66113206038065,25.19341395922936,2023-05-13 16:32:30.927718
83.20845413092948,Others,33.336708297919635,838.9973277180108,2023-05-12 16:32:30.927718
299.2344279805944,Others,48.66911314650416,11.417983454073632,2023-05-11 16:32:30.927719
486.18614102859453,Tiled,88.54572254361416,703.6997796290509,2023-05-10 16:32:30.927719
285.39402987656695,RCC,85.77402101126278,970.257109726057,2023-05-09 16:32:30.927720
333.22938716086816,RCC,26.749127606164958,437.66132814820344,2023-05-08 16:32:30.927720
363.08691004307775,RCC,82.23789788161393,234.97340499595276,2023-05-07 16:32:30.927721
254.54347914549794,RCC,51.23681980641034,704.8710100433817,2023-05-06 16:32:30.927721
332.40113603782856,Others,53.46719848768197,817.1281420155851,2023-05-05 16:32:30.927722
312.9414403653951,Tin,22.01319751743494,546.4303160778474,2023-05-04 16:32:30.927722
455.52110472094506,Tin,17.254136238141218,967.0352752561462,2023-05-03 16:32:30.927723
70.45087115365604,Tiled,75.51453762763887,51.6687216579611,2023-05-02 16:32:30.927723
176.43343531650365,Tiled,54.68150371197698,504.79559830452814,2023-05-01 16:32:30.927724
477.6851678344514,Others,49.31656323536616,718.4539473225501,2023-04-30 16:32:30.927724
450.61870275091235,Tin,75.65574057871571,862.640471149179,2023-04-29 16:32:30.927725
255.0455387535708,Tin,78.89616090919988,179.25561190779004,2023-04-28 16:32:30.927725
329.05966901069155,RCC,24.30173509024182,800.0034817636814,2023-04-27 16:32:30.927726
174.8215323415097,Others,64.92026345298771,552.7070757185453,2023-04-26 16:32:30.927726
134.65452187569258,Others,22.1818674049917,396.5536819899632,2023-04-25 16:32:30.927727
258.664282222992,RCC,77.62375774261412,131.71502857909357,2023-04-24 16:32:30.927727
209.00850261172377,Others,69.12596406404256,865.2957589089124,2023-04-23 16:32:30.927728
312.64525033289243,Others,96.09531589751121,157.27320817971534,2023-04-22 16:32:30.927728
84.98058663424318,Tiled,16.206221472077907,309.7878592090992,2023-04-21 16:32:30.927729
488.4776634497749,Tin,15.13492490361289,290.0455319624369,2023-04-20 16:32:30.927729
493.7948350158213,Others,35.39683672238802,871.4140341908543,2023-04-19 16:32:30.927730
364.17277130888533,Tiled,33.55351153623154,672.702994208898,2023-04-18 16:32:30.927730
291.2433648548542,Tin,32.22809191647998,796.6813971913723,2023-04-17 16:32:30.927731
189.28742732884749,RCC,91.5629122468933,250.46789879249897,2023-04-16 16:32:30.927731
416.2077588681269,Tiled,32.45915798645555,624.8740996069989,2023-04-15 16:32:30.927732
358.1290276492457,Tiled,34.47547535157679,571.7459831437487,2023-04-14 16:32:30.927732
123.17762270520109,Tin,78.34584361761674,832.8303767882711,2023-04-13 16:32:30.927733
459.9172330222291,RCC,50.4765858205486,906.0870604812606,2023-04-12 16:32:30.927733
420.14175931542604,Tiled,79.9039501259663,12.156771477386808,2023-04-11 16:32:30.927734
477.4099609813658,Others,15.882954180794671,674.0199190587927,2023-04-10 16:32:30.927734
376.573778774762,Others,53.88140743060459,51.83579911972902,2023-04-09 16:32:30.927735
326.03683817110544,Others,13.025224016495438,548.8586650773559,2023-04-08 16:32:30.927735
238.2093663307785,RCC,15.638788310981907,287.6327290436782,2023-04-07 16:32:30.927736
469.72781750930596,Tiled,91.57937080099698,306.7765995221412,2023-04-06 16:32:30.927736
439.72875027518376,Others,22.532083400583566,352.9585034523566,2023-04-05 16:32:30.927737
70.34840154778523,RCC,57.91786140476954,621.2924490496101,2023-04-04 16:32:30.927737
61.8651385237634,Others,46.99860423406359,334.04996566876923,2023-04-03 16:32:30.927738
219.4085150951223,Tin,41.26089936329584,732.6990505902804,2023-04-02 16:32:30.927738
414.7489988518248,Tiled,90.98500111185452,404.5273855738697,2023-04-01 16:32:30.927739
494.274258191725,Tiled,11.964105709794055,68.35320030995862,2023-03-31 16:32:30.927739
117.68760099658768,RCC,69.74107175580302,783.7598424841073,2023-03-30 16:32:30.927740
317.3588219084608,RCC,96.70549907921954,285.758324592706,2023-03-29 16:32:30.927740
221.40088548395968,Tiled,60.41513651156578,432.7668795992626,2023-03-28 16:32:30.927741
486.46147901657145,Others,94.31402158297827,685.4438832219015,2023-03-27 16:32:30.927741
428.9535154110689,Others,14.703209135742139,332.456157148712,2023-03-26 16:32:30.927742
427.247917120012,Tin,47.69139871667453,56.58565614671562,2023-03-25 16:32:30.927742
260.91192190773666,Others,33.414201186584606,373.9210470128136,2023-03-24 16:32:30.927743
236.66877605194932,RCC,75.77388684826568,944.4485826943035,2023-03-23 16:32:30.927743
173.03318236881782,RCC,98.31673814475221,641.7343972985582,2023-03-22 16:32:30.927744
75.3689734929172,Others,33.0877056199823,671.4791486672069,2023-03-21 16:32:30.927744
439.12506931477395,RCC,68.8757141326667,632.2821536376398,2023-03-20 16:32:30.927745
415.8054541085349,Tiled,27.82878694837661,198.9921389594368,2023-03-19 16:32:30.927745
499.87295297875875,Tiled,60.879722911444894,418.33386410228013,2023-03-18 16:32:30.927746
498.4865766832574,Others,51.75392380195026,750.9397983633182,2023-03-17 16:32:30.927746
299.9442675211823,Tiled,97.48047966683833,101.37289755315915,2023-03-16 16:32:30.927747
396.0443368312297,Tiled,64.76745454268199,277.8527760897123,2023-03-15 16:32:30.927747
475.1445784470926,Tin,41.45557348781369,276.3191084658536,2023-03-14 16:32:30.927748
432.34132580483515,Tin,20.268620639914005,432.018927594506,2023-03-13 16:32:30.927748
161.30664578443896,Tiled,23.61221458614411,980.368740942185,2023-03-12 16:32:30.927749
252.74486088954208,Others,30.27852369561116,67.50254668382195,2023-03-11 16:32:30.927749
108.12173681817274,Tin,32.58699952062682,518.700994380595,2023-03-10 16:32:30.927750
479.32296226642507,RCC,86.5554452057024,179.36468201221047,2023-03-09 16:32:30.927750
322.778585502896,RCC,60.510050945427245,970.6765454097441,2023-03-08 16:32:30.927751
152.88926247655823,RCC,57.10518202369298,113.3035047274642,2023-03-07 16:32:30.927751
352.26530798263553,Others,20.32919846822957,403.60100236159127,2023-03-06 16:32:30.927752
328.15770820605314,Tiled,87.41257240144915,737.8849848346061,2023-03-05 16:32:30.927752
211.17322311477824,RCC,75.05328728876353,704.5544280274453,2023-03-04 16:32:30.927753
101.10091648983305,Others,16.090152571000143,422.7286368939323,2023-03-03 16:32:30.927753
352.20793801675984,Tin,73.70515875067917,346.52416795271824,2023-03-02 16:32:30.927754
284.138465406707,Tiled,58.918439560838145,397.61237855287055,2023-03-01 16:32:30.927754
397.5432762810377,Tin,17.355281117210044,264.27626315863927,2023-02-28 16:32:30.927755
284.073575500397,Others,51.247057737579084,205.3329387067998,2023-02-27 16:32:30.927755
433.48167514334307,RCC,53.622665841704226,483.03969755889,2023-02-26 16:32:30.927756
298.3580774485185,RCC,24.91970861469482,268.5337560676073,2023-02-25 16:32:30.927756
302.42208719092383,Others,95.11283323002542,287.4616648972501,2023-02-24 16:32:30.927757
444.49412119625526,RCC,86.49778343325957,656.7560634745571,2023-02-23 16:32:30.927757
231.56728979557866,Tiled,70.21201035961975,968.5373316998922,2023-02-22 16:32:30.927758
110.30685280278833,Others,51.606600490054646,603.6372005593751,2023-02-21 16:32:30.927758
62.952204341002535,Tin,47.05889874260576,76.97946706496627,2023-02-20 16:32:30.927759
389.81176505312857,Others,68.58761204358588,75.58361385406698,2023-02-19 16:32:30.927759
329.1392981090591,Tiled,59.088868246621495,951.423220845566,2023-02-18 16:32:30.927760
366.83589564465063,Tiled,15.604579529369705,297.2907903073336,2023-02-17 16:32:30.927760
145.83387267900983,Others,56.12523838932985,92.06698608247544,2023-02-16 16:32:30.927761
111.3671640140464,Others,82.57632555095556,599.0445871503815,2023-02-15 16:32:30.927761
56.545099550546865,RCC,51.33158898372623,623.6487782902661,2023-02-14 16:32:30.927762
207.76440146296864,Tiled,14.676091979884157,648.5048201186881,2023-02-13 16:32:30.927762
315.4629590845849,Others,80.76503794456298,267.4020278575413,2023-02-12 16:32:30.927763
226.50982029487955,Others,28.122740392237695,15.110684214475034,2023-02-11 16:32:30.927763
246.86371491067808,Tiled,33.27587513992349,965.0153694544719,2023-02-10 16:32:30.927764
456.8714125221868,Others,24.82357180890663,250.8930456911025,2023-02-09 16:32:30.927764
206.71496016048516,RCC,39.71935583843478,676.0262880525474,2023-02-08 16:32:30.927765
281.2952701219149,Tiled,78.10763551197715,706.6298698787095,2023-02-07 16:32:30.927765
402.6438557335144,RCC,56.744727355354364,610.0074170794857,2023-02-06 16:32:30.927766
228.44425204457158,RCC,28.43931467356413,312.9073942136482,2023-02-05 16:32:30.927766
329.93901510254307,RCC,89.00470703368367,271.09625376406575,2023-02-04 16:32:30.927767
438.06366893603536,RCC,89.16236694563763,597.6682827027031,2023-02-03 16:32:30.927767
477.28428064593896,Tiled,88.35205825414062,866.0956336116915,2023-02-02 16:32:30.927768
116.18306641806707,RCC,31.491659024338535,946.7337289233956,2023-02-01 16:32:30.927768
466.96443132267245,RCC,50.61154097628893,105.90580440375763,2023-01-31 16:32:30.927769
271.4523318857922,Others,98.64906905267875,154.82861259771985,2023-01-30 16:32:30.927769
166.20997473453124,Tiled,79.48112286789913,944.7362587830796,2023-01-29 16:32:30.927770
256.6110903072176,Tiled,12.445067910300384,736.5352283347926,2023-01-28 16:32:30.927770
491.0146588784647,Tin,15.868413213444285,882.9938248297731,2023-01-27 16:32:30.927771
271.6781422967913,Tiled,51.75382391310995,202.63263413534315,2023-01-26 16:32:30.927771
197.9382246293787,Tiled,91.82981852754041,587.5858711094019,2023-01-25 16:32:30.927772
335.0303844425266,Tin,58.48316181574428,701.1395944174736,2023-01-24 16:32:30.927772
158.0655284501869,Tiled,54.80312572308612,680.1118854469727,2023-01-23 16:32:30.927773
84.13849764889876,Tiled,19.492632996096752,408.1516908666981,2023-01-22 16:32:30.927773
107.99587485979215,Tiled,69.11020942518647,15.394891691308477,2023-01-21 16:32:30.927774
107.6206275309976,Tiled,83.9892844540203,582.9260568042631,2023-01-20 16:32:30.927774
118.35621208053246,Tin,44.23780067568061,253.10153917960875,2023-01-19 16:32:30.927775
112.47222769223455,Tiled,79.80506658327947,450.25424614289034,2023-01-18 16:32:30.927775
338.3936351614466,Tiled,96.80289885107304,957.5810150838173,2023-01-17 16:32:30.927776
131.84603797961518,Tin,28.338981321492017,399.03531764243473,2023-01-16 16:32:30.927776
205.55027749573844,Others,57.09966680752672,839.8016066644267,2023-01-15 16:32:30.927777
453.5547844577053,RCC,35.8424162276118,188.54060574925114,2023-01-14 16:32:30.927777
263.28273811829257,Others,81.35689771304554,672.4604980250289,2023-01-13 16:32:30.927778
350.40098233446224,Tin,61.98340292930418,977.0069544389435,2023-01-12 16:32:30.927778
127.54394204073343,RCC,67.11241757952733,101.8931008729368,2023-01-11 16:32:30.927779
136.53005846390184,Tin,81.81227436543047,8.319942227192012,2023-01-10 16:32:30.927779
68.39087731991549,Tin,45.63734253962094,433.58279263261437,2023-01-09 16:32:30.927780
126.02077838247405,Tiled,92.3581061566339,92.6254830513672,2023-01-08 16:32:30.927780
175.36565256438138,RCC,57.9725980521526,748.3843496762314,2023-01-07 16:32:30.927781
129.65471792453607,Tiled,24.21593405518132,914.5486638485589,2023-01-06 16:32:30.927781
89.91614019067502,RCC,72.63092063519223,434.02097270875885,2023-01-05 16:32:30.927782
104.28614199527037,Tin,81.3935215394429,258.711642155441,2023-01-04 16:32:30.927782
257.3504456147266,Tin,38.5085509360774,434.40331900660976,2023-01-03 16:32:30.927783
142.85017328260662,Others,87.14613312988777,723.447817850001,2023-01-02 16:32:30.927783
213.92143747163396,RCC,91.55289292891898,9.054161580370979,2023-01-01 16:32:30.927784
276.5377718846856,Tiled,34.921403864002805,589.4539894846972,2022-12-31 16:32:30.927784
360.67767288321437,Others,98.51693254436998,613.291684887379,2022-12-30 16:32:30.927784
67.69046292849453,Others,22.664037524388256,637.6882468959355,2022-12-29 16:32:30.927785
409.73467950906917,Others,28.181410156224096,242.0220799808772,2022-12-28 16:32:30.927786
332.5551752709085,Tiled,26.580235531422353,714.0527233781268,2022-12-27 16:32:30.927786
86.79156437699235,Others,90.45907390070833,91.3914863317764,2022-12-26 16:32:30.927786
443.1103808480498,Tiled,68.88632970924657,199.2703364668008,2022-12-25 16:32:30.927787
464.3925802393159,Others,23.689385490004558,877.470046654482,2022-12-24 16:32:30.927787
77.4850819346887,Tiled,49.62910765315141,738.7231507265664,2022-12-23 16:32:30.927788
174.59494166624168,Tin,65.37682225628218,13.745554011345252,2022-12-22 16:32:30.927788
412.7905759068776,Tin,17.511767649044497,248.3762603698002,2022-12-21 16:32:30.927789
386.71686067264625,Tin,89.41747315666049,214.40648299316456,2022-12-20 16:32:30.927789
133.0344587103698,Tin,82.32431818973816,270.80632803697256,2022-12-19 16:32:30.927790
144.20719550151964,Tin,55.46860962189744,247.5597702798864,2022-12-18 16:32:30.927790
216.7124462561219,Others,97.04139537332534,62.52629574284574,2022-12-17 16:32:30.927791
268.0353433359596,Others,47.59848813475897,458.9405165968203,2022-12-16 16:32:30.927791
328.2146471886332,Others,98.56992871328481,732.7334747861652,2022-12-15 16:32:30.927792
216.01113780639758,Tiled,70.11279989232644,606.7317247174365,2022-12-14 16:32:30.927792
258.14062225991654,Tiled,67.12041459285473,672.8716685980797,2022-12-13 16:32:30.927793
386.36192216019043,Tiled,24.93594057662065,81.14917853623915,2022-12-12 16:32:30.927793
66.50744130076906,Tiled,89.37349824741796,951.4907101767872,2022-12-11 16:32:30.927794
163.59662495480933,Tin,48.474071912855365,838.4918338430249,2022-12-10 16:32:30.927794
371.0073136480486,Tin,24.60100652042314,805.0903184956627,2022-12-09 16:32:30.927795
452.8430769592397,Tin,11.134676797818313,822.9838050417675,2022-12-08 16:32:30.927795
280.25484895204977,RCC,60.37801152745443,932.7105081327613,2022-12-07 16:32:30.927796
289.45106836939203,Others,57.46596599104087,544.2539661136977,2022-12-06 16:32:30.927796
98.22740510289923,Tiled,74.74182601322427,200.28201786762588,2022-12-05 16:32:30.927797
251.3355650705546,Tiled,90.1232247716022,616.7836078525412,2022-12-04 16:32:30.927797
289.6777699047604,Tin,17.146592617872656,742.881493667939,2022-12-03 16:32:30.927798
159.11172663562834,Tiled,75.83468413063261,737.9173933540254,2022-12-02 16:32:30.927798
171.15945392722142,Tiled,26.8670749687824,521.4490241668801,2022-12-01 16:32:30.927799
219.77787339708019,Others,87.23593478414476,68.45871933357806,2022-11-30 16:32:30.927799
59.03203899997686,Tin,83.71571624754905,371.1129384301278,2022-11-29 16:32:30.927800
194.93562451243022,Others,58.671437948698994,920.7666084633573,2022-11-28 16:32:30.927800
145.1516031484451,RCC,73.92185187609803,584.448909757426,2022-11-27 16:32:30.927801
197.3738084800616,RCC,38.29151018653736,538.3319432557134,2022-11-26 16:32:30.927801
103.89295931866305,RCC,52.405110903953315,268.8535143821935,2022-11-25 16:32:30.927802
450.7372763329527,Tin,83.94732079394245,368.4489199165789,2022-11-24 16:32:30.927802
317.1166040993219,Tiled,51.33386774558925,895.3460891531693,2022-11-23 16:32:30.927803
355.59604361502033,Tin,42.20184387928976,666.4630475268357,2022-11-22 16:32:30.927803
405.12705737330225,Tin,54.47912025252699,787.3870267523329,2022-11-21 16:32:30.927804
274.29898951807576,Tiled,84.54243271934965,454.34542306765513,2022-11-20 16:32:30.927804
89.11412963934066,Others,40.16872426337854,630.247219456158,2022-11-19 16:32:30.927805
291.6979438183465,RCC,25.63854338221694,248.38360874320753,2022-11-18 16:32:30.927805
314.0785031093956,Others,74.08126182977027,705.4608302834863,2022-11-17 16:32:30.927806
385.4477633829485,RCC,84.33803914372736,427.60133370333733,2022-11-16 16:32:30.927806
244.24679580335572,Tin,19.057373067118,442.54551481474556,2022-11-15 16:32:30.927807
107.4111362580037,RCC,31.588670148035025,649.3223245768817,2022-11-14 16:32:30.927807
177.699157609426,Tin,22.77747907848945,936.2806214689267,2022-11-13 16:32:30.927808
213.3870333793858,Others,41.314727042395,64.00634660862093,2022-11-12 16:32:30.927808
340.6627585992205,Tin,50.53158810148714,824.7432373470076,2022-11-11 16:32:30.927808
306.85023710101035,Others,77.39437032669758,292.3831104121931,2022-11-10 16:32:30.927809
210.2435266540308,Tiled,68.60328263935067,443.9194545063778,2022-11-09 16:32:30.927809
493.93186195684086,Tiled,65.8835710730588,21.913328775008956,2022-11-08 16:32:30.927810
322.5986687105992,Tiled,41.7137451948689,301.04607783431305,2022-11-07 16:32:30.927810
156.75205628119753,Tin,85.7302797776284,502.6312426301305,2022-11-06 16:32:30.927811
95.80211267918169,Tiled,52.41584506583481,56.17607734743901,2022-11-05 16:32:30.927811
118.78661263294941,RCC,98.11944442136391,491.0957293831651,2022-11-04 16:32:30.927812
160.68097777302867,Others,67.07279244661632,927.1106288584273,2022-11-03 16:32:30.927812
122.30661796680005,Others,21.363826740805248,105.39321810780523,2022-11-02 16:32:30.927813
133.9551608230876,RCC,70.85598058678906,764.4407280755044,2022-11-01 16:32:30.927813
178.2928259122312,Tin,39.25936138885291,409.67105337599264,2022-10-31 16:32:30.927814
128.01811788263967,Tin,71.76944770174877,655.173714524338,2022-10-30 16:32:30.927814
453.5444410818913,Others,16.267703334616517,260.23659798522937,2022-10-29 16:32:30.927815
86.105185547739,Tiled,25.739329345836346,159.4922625413583,2022-10-28 16:32:30.927815
286.0301253066146,Tin,87.01635330152077,160.46261427122644,2022-10-27 16:32:30.927816
234.6785721453477,Tin,30.44616013211634,70.49194564314465,2022-10-26 16:32:30.927816
492.0703776088729,RCC,85.3337012718646,185.64670490124303,2022-10-25 16:32:30.927817
100.41750597562356,RCC,35.13484796089694,664.2193849889683,2022-10-24 16:32:30.927817
229.03501957058373,Tiled,67.8593719052837,881.690611843508,2022-10-23 16:32:30.927818
486.261694973916,Tin,72.47355161588479,814.1256855911619,2022-10-22 16:32:30.927818
439.47820665229114,Tin,56.13892778305476,685.1343098744841,2022-10-21 16:32:30.927819
417.68243192717597,RCC,37.47796090270582,110.43186341110267,2022-10-20 16:32:30.927819
166.0562721702229,Tin,29.13799387339865,289.1874462959498,2022-10-19 16:32:30.927820
126.89941432552962,Others,12.987041910618359,309.80687532246895,2022-10-18 16:32:30.927820
350.88944896599395,RCC,37.355176111665145,249.95694639762124,2022-10-17 16:32:30.927821
468.2191951074136,Tiled,68.78465114781547,515.0056597097231,2022-10-16 16:32:30.927822
300.5433018562684,RCC,94.44743366036344,535.5538148796726,2022-10-15 16:32:30.927822
307.22571026145494,Tin,88.40840340367468,356.8859751711102,2022-10-14 16:32:30.927823
175.99059214712787,Tiled,78.94582988817723,353.78915873643604,2022-10-13 16:32:30.927823
396.2718199363716,RCC,80.96026089279688,828.5555979060814,2022-10-12 16:32:30.927824
134.1696868508855,Others,69.84864131283958,789.2928483196856,2022-10-11 16:32:30.927824
195.65565638190967,Others,33.42581718094027,307.79583168074566,2022-10-10 16:32:30.927825
241.44639737738754,RCC,91.64755276352469,913.7884438732593,2022-10-09 16:32:30.927825
278.4246704080048,Others,70.36590807152507,952.815017002506,2022-10-08 16:32:30.927826
159.0843795867861,Others,60.439656788239596,326.74254203004085,2022-10-07 16:32:30.927826
101.67657113264158,Others,19.989052229213296,354.42494879305485,2022-10-06 16:32:30.927827
324.7790190987347,Tiled,50.23499894257829,505.63415342195884,2022-10-05 16:32:30.927827
179.8837489581151,Others,51.43224440817337,941.1208125336735,2022-10-04 16:32:30.927828
311.5571996401755,Others,87.8107248570403,876.3194331423115,2022-10-03 16:32:30.927828
119.46322187339103,Others,59.19833981690096,102.5679625835898,2022-10-02 16:32:30.927828
266.5130458346679,Tiled,44.23604940733687,392.7307432714162,2022-10-01 16:32:30.927829
289.6652446482136,RCC,97.91202956595934,553.3711897497718,2022-09-30 16:32:30.927829
73.3205915700921,Tin,19.964853399368412,503.13247255154005,2022-09-29 16:32:30.927830
201.47192518726425,Others,48.02935854807502,193.86306793689266,2022-09-28 16:32:30.927830
110.48660462253841,RCC,13.782220765426477,858.8167711681547,2022-09-27 16:32:30.927831
78.51873671274548,Others,76.59137086902373,676.9407829968374,2022-09-26 16:32:30.927831
495.4821045754754,Tiled,92.62688969792356,837.9083748518036,2022-09-25 16:32:30.927832
195.05923023862533,RCC,35.20335965954405,858.7642793494722,2022-09-24 16:32:30.927832
414.4435006345857,Tiled,87.25075091192087,748.3558536657398,2022-09-23 16:32:30.927833
164.58829464369373,Others,36.2996407415708,439.21060124971734,2022-09-22 16:32:30.927833
356.67622500076817,Others,91.96931454795237,610.5467550154245,2022-09-21 16:32:30.927834
392.10253695035897,Tiled,77.85657132371055,160.36540611974314,2022-09-20 16:32:30.927834
318.0374332735299,Tin,82.44160991572947,673.6454174749077,2022-09-19 16:32:30.927835
262.20928484757127,Tiled,11.620590004040904,179.25325573928075,2022-09-18 16:32:30.927835
235.32841136627084,Others,96.65293213666233,693.9495905101568,2022-09-17 16:32:30.927836
206.9907199443479,Tiled,75.40038928632909,229.59816075396867,2022-09-16 16:32:30.927836
468.28811491152163,Tin,37.427598584752,117.55130015021997,2022-09-15 16:32:30.927837
423.7787335044781,Tiled,84.64551983729622,165.28449014295742,2022-09-14 16:32:30.927837
484.26210979993067,Tin,35.3369078573437,1.992135219070268,2022-09-13 16:32:30.927838
105.93375056849513,Tin,88.54784556095152,718.7396178535303,2022-09-12 16:32:30.927838
378.8903638416399,Tiled,20.132235137074332,732.4010490583792,2022-09-11 16:32:30.927839
472.253205569467,Tiled,73.33173797147161,514.9333499132595,2022-09-10 16:32:30.927839
131.55487977454706,RCC,58.66286289804193,161.3628010553837,2022-09-09 16:32:30.927840
79.92332031504988,Others,18.688102317589674,83.55433751068975,2022-09-08 16:32:30.927840
383.5042921805266,Tin,31.770444543295508,19.12896643728701,2022-09-07 16:32:30.927840
308.51290093096037,RCC,11.11636326495833,165.7481769652207,2022-09-06 16:32:30.927841
428.82294954122244,Tiled,52.189116891805526,890.8555349831468,2022-09-05 16:32:30.927841
112.89756948183027,Others,37.11387346840004,241.53684170168177,2022-09-04 16:32:30.927842
407.8702903369506,RCC,63.852173586798294,354.2713272172157,2022-09-03 16:32:30.927842
140.73229402148505,Tin,36.751402693775546,105.34548448133319,2022-09-02 16:32:30.927843
123.64517428956702,RCC,36.99272003562862,222.36130474817028,2022-09-01 16:32:30.927843
123.91960906894683,Tin,76.8873878858443,519.2245707802051,2022-08-31 16:32:30.927844
416.558624104122,Tiled,14.33285523805181,607.7526830956525,2022-08-30 16:32:30.927844
349.33874931329007,Others,91.26054956727886,245.35231416621107,2022-08-29 16:32:30.927845
285.3794411461037,Others,86.70374869520633,57.73215922511721,2022-08-28 16:32:30.927845
211.47371785557613,Others,70.10242149037659,391.03286912739867,2022-08-27 16:32:30.927846
444.7402433658987,Tiled,63.389941309664586,234.20337092633414,2022-08-26 16:32:30.927846
226.60029834018593,Tin,90.3072248325687,219.55392322980194,2022-08-25 16:32:30.927847
417.4697477622097,Tiled,26.6797161575843,959.8628027134553,2022-08-24 16:32:30.927847
247.61070885659828,Others,17.107224597174575,616.300485925724,2022-08-23 16:32:30.927848
219.62499324120841,Tiled,31.55591529185843,556.8784431720959,2022-08-22 16:32:30.927848
258.2059035513229,Tiled,81.51204508301713,415.77510352332195,2022-08-21 16:32:30.927849
185.62004337386392,Tiled,13.120324005383498,428.94433343014424,2022-08-20 16:32:30.927849
386.424221079313,Tin,62.45261515751407,540.9050038380808,2022-08-19 16:32:30.927850
276.22417554161564,RCC,99.5893764572179,696.4298070361073,2022-08-18 16:32:30.927850
154.4957128160678,RCC,87.01264844537855,702.1460961818294,2022-08-17 16:32:30.927851
454.8085579735558,Tiled,56.93011201392305,171.69390770544956,2022-08-16 16:32:30.927851
222.75104961794514,RCC,15.72768183579781,500.112752076627,2022-08-15 16:32:30.927852
294.59878750129485,RCC,84.82361629471389,411.958095034102,2022-08-14 16:32:30.927852
457.91244993404615,Tiled,63.90806573594895,870.5269662693842,2022-08-13 16:32:30.927852
330.90709816129646,Tiled,20.343969735361014,631.4189212183763,2022-08-12 16:32:30.927853
102.60411831876384,Others,18.447155634102057,532.5040664159818,2022-08-11 16:32:30.927853
472.92445562606383,RCC,91.86641374929332,115.39464217891737,2022-08-10 16:32:30.927854
332.46862388213805,Tin,70.22802366442706,605.6378893234114,2022-08-09 16:32:30.927854
200.70752659568876,Tiled,84.635811938508,117.20390568023342,2022-08-08 16:32:30.927855
112.67243269852426,Others,89.10810102540405,337.2065755657521,2022-08-07 16:32:30.927855
407.3113351716332,Tin,61.459511684348996,142.84196481433187,2022-08-06 16:32:30.927856
329.0327401678311,RCC,56.570171657953715,692.0736470243689,2022-08-05 16:32:30.927856
290.0574913893447,Others,48.73846692888912,206.2521138361526,2022-08-04 16:32:30.927857
452.2516623729309,Tiled,38.52519290120073,391.859373188026,2022-08-03 16:32:30.927857
404.86874505103884,Tin,49.11363647728406,895.6747776187786,2022-08-02 16:32:30.927858
118.25369587973803,Tiled,79.64916901571408,204.3163833989703,2022-08-01 16:32:30.927858
190.27493050799671,RCC,64.17310879136184,507.8050639587791,2022-07-31 16:32:30.927860
161.82011291650957,Tin,90.32709609593614,419.271661166022,2022-07-30 16:32:30.927860
384.77583165770466,RCC,49.90420129412689,18.124041045729733,2022-07-29 16:32:30.927861
65.08959563110072,RCC,64.63806208468786,792.7581135728128,2022-07-28 16:32:30.927861
306.45035819209244,Others,66.81767977827899,69.04590631459972,2022-07-27 16:32:30.927862
393.1064085833107,Tiled,63.2527446075693,474.2550209769536,2022-07-26 16:32:30.927862
444.5445365427872,Tin,73.23703957769646,560.67829493895,2022-07-25 16:32:30.927863
203.93678692215835,RCC,31.369012153732566,628.4264566145871,2022-07-24 16:32:30.927863
419.5657871024058,RCC,56.11273997912116,688.6316293078755,2022-07-23 16:32:30.927864
99.78428162984325,Tin,19.38023225275129,253.27238352271507,2022-07-22 16:32:30.927864
430.9035312805332,RCC,44.60601948803313,9.978776658449373,2022-07-21 16:32:30.927865
107.36989804939209,Others,53.8900361759138,723.443662354912,2022-07-20 16:32:30.927865
228.77928075216528,Others,68.70018335909252,535.6565993475785,2022-07-19 16:32:30.927866
408.78291460079913,Others,95.54779473275832,836.1177032072487,2022-07-18 16:32:30.927866
117.4628423069482,Others,64.05859598935203,821.3883629006942,2022-07-17 16:32:30.927867
153.16312785468867,RCC,76.92345245589038,843.3261677878832,2022-07-16 16:32:30.927867
375.01365577687983,Tin,55.56394535456825,485.09465997954015,2022-07-15 16:32:30.927868
374.01644144573345,Tin,67.06936282386982,333.62839583686565,2022-07-14 16:32:30.927868
338.5164347983838,Tin,16.383899452039607,791.55820259137,2022-07-13 16:32:30.927869
362.276800010195,Tin,32.89524227576623,451.2941130292549,2022-07-12 16:32:30.927869
294.2259995064183,Tiled,42.56677838846248,183.4421964034345,2022-07-11 16:32:30.927870
163.30957650812874,Tin,52.524401950586224,854.9740195614744,2022-07-10 16:32:30.927870
205.56319707676374,Tiled,14.108387095214535,882.5598767723473,2022-07-09 16:32:30.927871
131.71897256064156,Tiled,22.602168779798593,466.3097561401701,2022-07-08 16:32:30.927871
458.80275260013275,Others,34.91328770121752,75.69972730978746,2022-07-07 16:32:30.927871
312.5263076447542,Tiled,97.43794218109456,387.8260899169312,2022-07-06 16:32:30.927872
230.38313754363796,RCC,39.82123063927457,803.5376594626034,2022-07-05 16:32:30.927872
257.9026116398597,Tiled,53.383695230087426,901.7740285462287,2022-07-04 16:32:30.927873
476.2775028253169,Others,27.648794146455366,203.47274249759585,2022-07-03 16:32:30.927873
119.00813140223609,Tiled,64.97020639681914,66.97361202527152,2022-07-02 16:32:30.927874
313.80342440755874,RCC,35.26148939643769,877.3504531328387,2022-07-01 16:32:30.927874
277.6499054980097,RCC,28.62933205945841,389.4049389788753,2022-06-30 16:32:30.927875
325.1544059455915,RCC,56.491536560138115,541.7609642675633,2022-06-29 16:32:30.927875
58.14958271937823,Others,10.495521924437874,968.065812050759,2022-06-28 16:32:30.927876
442.45575902486814,Others,10.68976293843028,66.56472791422286,2022-06-27 16:32:30.927876
469.4532271176256,Tin,29.7161928191672,648.3180074520956,2022-06-26 16:32:30.927877
304.309932615144,Others,13.304922625073903,74.10542257486708,2022-06-25 16:32:30.927877
363.49287074460153,RCC,19.722317871762225,375.46892846650036,2022-06-24 16:32:30.927878
465.1247215297831,RCC,40.49745844048764,803.8145451934467,2022-06-23 16:32:30.927878
368.2573854410294,Others,82.23271116218315,433.4722327556344,2022-06-22 16:32:30.927879
118.6425693114176,Tiled,61.484377903237075,997.1823539029504,2022-06-21 16:32:30.927879
309.3297620750659,Others,56.14009533607748,559.0592849466021,2022-06-20 16:32:30.927880
323.0217708722852,Others,36.413994088730945,321.1621526359535,2022-06-19 16:32:30.927880
240.8588020860737,RCC,93.85783474895348,220.11132590475313,2022-06-18 16:32:30.927881
381.3999060311253,Tin,45.73135371134725,350.5205342861618,2022-06-17 16:32:30.927881
470.4651566460567,RCC,17.838349011619435,372.5332737595508,2022-06-16 16:32:30.927882
466.5058308080493,Tin,65.53598645060211,68.71367772396097,2022-06-15 16:32:30.927882
252.87771713185944,RCC,20.245455412894128,369.5741994267732,2022-06-14 16:32:30.927883
100.95712062833987,Others,41.07008285215229,464.2385197392249,2022-06-13 16:32:30.927883
493.1785395330506,RCC,55.6670744846028,722.7377522388047,2022-06-12 16:32:30.927884
427.50413890067034,RCC,88.68002722166582,656.729484721608,2022-06-11 16:32:30.927884
106.09820654147008,RCC,54.41919223061068,708.7656552291543,2022-06-10 16:32:30.927884
464.37884717781753,Others,73.20328894284978,8.363681876857099,2022-06-09 16:32:30.927885
441.4533629279577,Others,99.35351550991633,217.66739958053606,2022-06-08 16:32:30.927885
283.47712570673247,Others,21.834020790818347,661.6842883998565,2022-06-07 16:32:30.927886
316.07394608521815,Others,34.72583729675676,483.98936817974715,2022-06-06 16:32:30.927886
229.55121674155862,Tin,45.511846803788174,5.313475668345946,2022-06-05 16:32:30.927887
74.6427374699141,Tin,47.96453606849482,804.4946424318223,2022-06-04 16:32:30.927887
200.8387587406554,Tiled,46.99189677389912,772.8095732903374,2022-06-03 16:32:30.927888
411.28405186910516,Others,91.68499023008994,548.4191629935626,2022-06-02 16:32:30.927888
52.08441035207129,Tin,74.26293800201708,66.46332577627211,2022-06-01 16:32:30.927889
200.07462726101488,RCC,64.71146926816334,766.5150495325846,2022-05-31 16:32:30.927889
229.1759121159245,Others,37.84354460765039,583.713587731364,2022-05-30 16:32:30.927890
291.8280213220653,Tiled,84.14113457991652,781.9599771579592,2022-05-29 16:32:30.927890
463.9350273857422,Tiled,95.95544603364901,751.7469923958404,2022-05-28 16:32:30.927891
205.85569746468255,Tiled,83.90784542952039,803.0020719578371,2022-05-27 16:32:30.927891
206.12894085330245,RCC,10.140859467232561,518.0080664046249,2022-05-26 16:32:30.927892
381.8755616493868,Tin,67.27612331650663,140.324518193515,2022-05-25 16:32:30.927892
253.49807340041323,RCC,14.602184329789065,671.1574733796887,2022-05-24 16:32:30.927893
151.0721703229919,Others,33.184649830034964,620.4737850519706,2022-05-23 16:32:30.927893
253.59778225971203,Tiled,15.357223031299451,742.2531871990872,2022-05-22 16:32:30.927894
113.38565917090993,RCC,64.34159076544489,169.8810060507353,2022-05-21 16:32:30.927894
129.3741439278005,RCC,71.7930922143346,194.97519990028923,2022-05-20 16:32:30.927895
274.2654977327659,Tin,20.30388742593146,890.4095172193284,2022-05-19 16:32:30.927895
238.51645227704657,Tin,44.54549947404816,749.9777984520708,2022-05-18 16:32:30.927896
461.68065548064504,Tiled,51.06128580599878,908.2284887003229,2022-05-17 16:32:30.927896
213.0772546024849,RCC,43.214771958482494,758.7153211639207,2022-05-16 16:32:30.927897
311.26475762511956,RCC,20.892250043667374,597.1553059903018,2022-05-15 16:32:30.927897
334.5189295637887,Tin,47.70530111687279,654.1327370278736,2022-05-14 16:32:30.927898
55.89250546475014,RCC,77.60602430275763,889.12792394001,2022-05-13 16:32:30.927898
348.5918174075198,RCC,16.39068980799299,578.8067545119405,2022-05-12 16:32:30.927899
130.11618509138813,RCC,17.21620126737131,632.3913243283874,2022-05-11 16:32:30.927899
482.48164286125484,Tin,41.92941626523858,156.4767160036006,2022-05-10 16:32:30.927900
116.89822748890083,Tiled,94.75531404570326,473.9212201161027,2022-05-09 16:32:30.927900
236.58085567716068,Others,70.17153820506226,716.397111958099,2022-05-08 16:32:30.927900
88.40735063538973,Tiled,71.08029610053083,270.9426983163654,2022-05-07 16:32:30.927901
498.5934133306763,Others,42.572799175407845,202.25418052453492,2022-05-06 16:32:30.927901
275.9877546490592,RCC,63.42947120876846,313.8268082244156,2022-05-05 16:32:30.927902
317.9232577940197,Tiled,10.911806562496905,241.50062799283344,2022-05-04 16:32:30.927902
80.18441482479237,Others,67.2486441768588,214.91263703639584,2022-05-03 16:32:30.927903
387.48221167963,Tin,92.1958252818613,424.85084286808694,2022-05-02 16:32:30.927903
144.4575168930136,Tin,65.13161215103372,907.8385138835341,2022-05-01 16:32:30.927904
454.1244302483212,Tiled,88.63287341197105,507.0596467387183,2022-04-30 16:32:30.927904
142.31283821690323,Tiled,75.15757499194844,187.92038081532303,2022-04-29 16:32:30.927905
135.80947429864995,RCC,20.85025747633212,76.97166938087408,2022-04-28 16:32:30.927905
66.4473505316427,Tiled,91.22079765572576,696.1561451379253,2022-04-27 16:32:30.927906
262.43012529949965,RCC,15.97994599201974,382.79876443638784,2022-04-26 16:32:30.927906
304.17850996817737,RCC,58.05707252929874,821.8309465853592,2022-04-25 16:32:30.927907
79.56888774275856,Tin,22.79234114141119,659.5107686407702,2022-04-24 16:32:30.927907
398.9874275127548,Tin,11.053594965781366,796.2414505413685,2022-04-23 16:32:30.927907
253.97997563661244,Others,47.98308341148751,271.9460394184488,2022-04-22 16:32:30.927908
285.97562119741104,Tin,36.55366368887406,692.3589224610581,2022-04-21 16:32:30.927908
248.34323612220265,Tin,53.74004444178427,264.0619846937188,2022-04-20 16:32:30.927909
230.3433773938967,Tiled,61.947989806109575,939.0684794502916,2022-04-19 16:32:30.927909
301.83814908869806,Tin,13.936516507805262,636.3742815333744,2022-04-18 16:32:30.927910
119.85811066882063,Others,21.070296561137106,324.5118001753421,2022-04-17 16:32:30.927910
131.867658722872,Tiled,60.27781568053828,269.51186229227267,2022-04-16 16:32:30.927911
437.8035294560828,Others,40.88506178553924,190.9265850716435,2022-04-15 16:32:30.927911
475.75195796013475,Tin,75.62561387945031,694.6409588937278,2022-04-14 16:32:30.927912
217.98919232588884,Others,68.70624837327458,218.7156129979273,2022-04-13 16:32:30.927912
171.8351029145992,Tiled,86.10439266909161,595.3032659274891,2022-04-12 16:32:30.927913
339.7997944575571,RCC,72.32435440023028,264.63502692535735,2022-04-11 16:32:30.927913
233.9303769941434,Others,48.69379696511333,661.9689447938686,2022-04-10 16:32:30.927914
61.42386004715519,Others,70.56699601549892,814.9397285405392,2022-04-09 16:32:30.927914
120.26866881478566,Tiled,34.784305682987664,778.0252431446531,2022-04-08 16:32:30.927915
372.18750298132886,Tiled,37.568214890039144,760.8513309307817,2022-04-07 16:32:30.927915
346.5157738595681,Others,81.0086643928714,187.72240569225207,2022-04-06 16:32:30.927915
62.19319662656757,Tin,50.1777564761424,88.3849469845187,2022-04-05 16:32:30.927916
149.88747286982723,Others,81.85423064665173,698.9488284873856,2022-04-04 16:32:30.927916
153.98365846463213,Tiled,84.01801363014506,368.3472137943513,2022-04-03 16:32:30.927917
352.35173461942776,RCC,87.18061038951554,432.3462264033473,2022-04-02 16:32:30.927917
58.86974198946387,RCC,92.49717122570866,31.149092793391063,2022-04-01 16:32:30.927918
96.84886189305823,Tin,48.78866984619666,259.5764492750492,2022-03-31 16:32:30.927918
409.9622384179352,Others,38.698013648902496,33.67640387446402,2022-03-30 16:32:30.927919
130.34509792445013,RCC,62.39788719347025,879.1857726012477,2022-03-29 16:32:30.927919
343.7357485333436,Others,43.405518109386485,243.39668321853048,2022-03-28 16:32:30.927920
157.18225147102694,Tiled,64.09667501202097,557.337169573008,2022-03-27 16:32:30.927920
94.74862674170532,RCC,73.50272763794422,38.979320661130416,2022-03-26 16:32:30.927921
159.42748594975433,Tin,71.95645166429232,666.8473913056581,2022-03-25 16:32:30.927921
375.0201193350466,Tiled,43.70975983181092,323.02734575409386,2022-03-24 16:32:30.927921
435.06341064782856,Tin,25.017418152887753,897.9191869576658,2022-03-23 16:32:30.927922
423.5989390551462,Tiled,48.74764046159868,888.1181889340359,2022-03-22 16:32:30.927922
228.73258832830467,RCC,22.833472967371787,325.29061836174776,2022-03-21 16:32:30.927923
350.6383114567908,Tin,90.10873316654275,900.9608956904679,2022-03-20 16:32:30.927923
142.24293293711943,Tin,41.128971466407165,996.1576734987788,2022-03-19 16:32:30.927924
181.91647861745597,Tiled,23.90137725009914,825.4156641239481,2022-03-18 16:32:30.927924
453.3511183345039,Tin,12.29029839151758,844.871347755229,2022-03-17 16:32:30.927925
55.850865579831215,Tiled,68.12401476578358,249.0087361090899,2022-03-16 16:32:30.927925
88.47883888451064,Tiled,67.32120857092688,576.7023988577563,2022-03-15 16:32:30.927926
143.5488148157123,Tiled,40.65437499231625,67.25591396736786,2022-03-14 16:32:30.927926
61.93949174321887,Tiled,16.45406999628859,94.91793682166971,2022-03-13 16:32:30.927927
131.6459457904088,RCC,46.86660054057088,998.8926120332906,2022-03-12 16:32:30.927927
312.3687024363615,Tiled,38.00957455570542,326.6392494259109,2022-03-11 16:32:30.927928
239.64104776662407,Others,70.94085757615085,748.1839120488464,2022-03-10 16:32:30.927928
451.7022699846387,Tin,64.52013245074212,806.6650530268165,2022-03-09 16:32:30.927928
417.8496027822984,Others,42.8134355377786,858.0232710072291,2022-03-08 16:32:30.927929
203.81780826404417,RCC,29.61032988294911,997.6282974021565,2022-03-07 16:32:30.927929
166.7405450440816,Others,98.92323695400327,241.49648525686786,2022-03-06 16:32:30.927930
220.8615836752701,Tin,50.860145907650335,40.35082685969971,2022-03-05 16:32:30.927930
315.6327241316635,Others,71.94468122022134,411.191517994586,2022-03-04 16:32:30.927931
170.6286383702943,RCC,22.64976708205247,130.08066982894695,2022-03-03 16:32:30.927931
330.86700853211033,Tiled,53.703072969345804,22.425889162055125,2022-03-02 16:32:30.927932
234.23524348605818,Others,12.478304788251894,360.4268271414861,2022-03-01 16:32:30.927932
298.4212313833911,RCC,55.490960611940494,783.7382510752365,2022-02-28 16:32:30.927933
246.25693811089252,RCC,96.76156664059322,566.1806912250709,2022-02-27 16:32:30.927933
182.50959179386294,Tin,44.57860416872202,312.77798921035406,2022-02-26 16:32:30.927934
476.8039881329705,Tin,13.509641131742043,654.3420054927197,2022-02-25 16:32:30.927934
393.62260737189234,Others,12.786021182740917,232.0181803088107,2022-02-24 16:32:30.927935
113.05092909490365,Tiled,44.91880839521826,14.381446072085025,2022-02-23 16:32:30.927935
440.8105891540608,RCC,24.402244281687466,764.3533864364274,2022-02-22 16:32:30.927935
269.34403921228113,Others,12.101688669536731,623.7430848640091,2022-02-21 16:32:30.927936
452.54850210234116,RCC,78.05922525551591,762.30262450096,2022-02-20 16:32:30.927936
409.93486517629185,RCC,51.26707079937016,38.93801668766561,2022-02-19 16:32:30.927937
241.34607701115505,Tiled,36.032029477538906,837.1196278306522,2022-02-18 16:32:30.927937
60.11118874405283,Tiled,91.00748647148326,619.5262000363033,2022-02-17 16:32:30.927938
170.90481172322575,Others,20.452506418047307,563.3953507126402,2022-02-16 16:32:30.927938
293.7353965973901,Tiled,96.03269460597873,624.6140481145316,2022-02-15 16:32:30.927939
335.0651989217663,Tiled,38.25700456396176,864.4332468683641,2022-02-14 16:32:30.927939
166.04945844494102,Others,89.95633050778132,586.936506558907,2022-02-13 16:32:30.927940
112.71023333277085,Tiled,64.26485888315153,580.9503798881793,2022-02-12 16:32:30.927940
425.7186065596846,Tin,84.40366237673388,990.6791570657658,2022-02-11 16:32:30.927941
492.98098131659845,RCC,98.56118468894178,756.730167068568,2022-02-10 16:32:30.927941
286.56058203620864,RCC,35.956489403687115,442.29380545113526,2022-02-09 16:32:30.927942
127.25567863173657,RCC,96.50219368668337,707.3970000329277,2022-02-08 16:32:30.927942
172.53829693371603,RCC,45.05337054121783,389.23047169178847,2022-02-07 16:32:30.927943
58.27580444636003,Others,44.69607142632301,228.875462483499,2022-02-06 16:32:30.927943
461.4344629522246,RCC,40.63483938290551,596.8518768877594,2022-02-05 16:32:30.927943
102.9879873005635,RCC,58.72668466128267,928.1820981139515,2022-02-04 16:32:30.927944
309.43241398141413,RCC,23.87305388606384,929.1395200154627,2022-02-03 16:32:30.927944
173.3248493092427,RCC,59.834033682221005,341.9052781054903,2022-02-02 16:32:30.927945
299.38010113210703,Tin,58.75343311690036,527.677466221695,2022-02-01 16:32:30.927945
343.1391747583389,RCC,78.5711631344383,211.6358985698612,2022-01-31 16:32:30.927946
423.38381166824075,Tin,85.0284965743827,995.6311094988835,2022-01-30 16:32:30.927946
142.88957229227145,Others,49.639721528118166,981.1179078679357,2022-01-29 16:32:30.927947
54.948122896316214,Tiled,37.20999244163444,649.5089297074474,2022-01-28 16:32:30.927947
111.59853353096327,RCC,33.3401407585385,804.4140596774733,2022-01-27 16:32:30.927948
455.00838883164727,Tiled,27.516145303438474,715.1001612837,2022-01-26 16:32:30.927948
443.25053490313184,Tiled,15.18828239791224,593.1582190394682,2022-01-25 16:32:30.927949
318.8358959766387,Others,40.8203180951242,53.34799698889769,2022-01-24 16:32:30.927949
320.232587195144,Tiled,34.322292291770495,454.76434255266105,2022-01-23 16:32:30.927950
349.26650354581494,Tin,96.97756472797666,674.7863021674106,2022-01-22 16:32:30.927950
128.91707538055232,Tiled,60.19379436250395,677.5316138836847,2022-01-21 16:32:30.927950
461.4853756662319,Tiled,41.25493351274568,373.1226184223836,2022-01-20 16:32:30.927951
238.4467362014329,Tiled,62.24208408943264,941.6919866580306,2022-01-19 16:32:30.927951
222.41233771227385,RCC,22.527703121112594,167.357032236781,2022-01-18 16:32:30.927952
283.5129673772769,RCC,49.963937428198264,500.35944621556064,2022-01-17 16:32:30.927952
71.13468504877477,Tin,66.36108892789575,690.8839765508228,2022-01-16 16:32:30.927953
124.82751594023573,Tin,54.000804861320624,697.1358058918092,2022-01-15 16:32:30.927953
382.1151273918667,RCC,46.160092058889184,648.6389567688155,2022-01-14 16:32:30.927954
87.25940056630691,Tin,99.44635500097283,275.28821345186014,2022-01-13 16:32:30.927954
321.4184492598747,RCC,89.22832859340343,156.20656868662198,2022-01-12 16:32:30.927955
160.40709935659441,Others,66.1065362343496,635.9403268267108,2022-01-11 16:32:30.927955
225.18302631888943,Tiled,61.24396250640545,599.3021161394378,2022-01-10 16:32:30.927956
179.91218154681494,Tiled,65.85944318421257,179.35601028924097,2022-01-09 16:32:30.927956
210.0527224092271,Tin,28.118089704018992,705.1391455705633,2022-01-08 16:32:30.927957
373.57065733291046,RCC,45.56239689378867,455.1719917336564,2022-01-07 16:32:30.927957
183.70477203042876,RCC,13.551357960180939,667.7605916031529,2022-01-06 16:32:30.927957
304.88208813360376,Tin,52.7991433738144,837.3670797701507,2022-01-05 16:32:30.927958
264.22268098959483,RCC,58.87221255618969,169.72842857692316,2022-01-04 16:32:30.927958
348.65202441319167,Others,30.497476249288862,19.14486799683668,2022-01-03 16:32:30.927959
471.5733826961411,Tiled,96.76259624489623,779.1025863957868,2022-01-02 16:32:30.927959
379.65744374461264,Tin,91.85091498435177,609.6974251526159,2022-01-01 16:32:30.927960
146.72317036584053,Tin,74.99289119103153,699.6395696221217,2021-12-31 16:32:30.927960
64.03241077757811,RCC,58.004796588882634,838.1549749886426,2021-12-30 16:32:30.927961
168.01881993492128,Tin,88.29722436829165,802.8109348245005,2021-12-29 16:32:30.927961
317.7850688151147,Others,21.758710944111662,960.9201469288247,2021-12-28 16:32:30.927962
73.14161606791265,RCC,81.14588148473965,535.9350788521182,2021-12-27 16:32:30.927962
273.3648112405564,RCC,21.23387325701635,488.49563265990537,2021-12-26 16:32:30.927963
318.5792820126001,RCC,81.47895962944649,401.8871998907301,2021-12-25 16:32:30.927963
200.40975086763237,RCC,34.819081142622125,153.69104284420453,2021-12-24 16:32:30.927964
396.9104916856199,Others,88.93815229163701,572.6072328820225,2021-12-23 16:32:30.927964
97.96921391019731,RCC,94.96378844428581,277.0125243259788,2021-12-22 16:32:30.927964
83.81200178111395,Tin,23.39163724646041,921.3075122129754,2021-12-21 16:32:30.927965
377.6849402916215,Others,51.640804455885416,583.1908042770975,2021-12-20 16:32:30.927965
272.9710922927893,Tiled,98.28886403464166,592.8401805081102,2021-12-19 16:32:30.927966
359.7810783924812,Tiled,53.506669237583196,354.92466087701,2021-12-18 16:32:30.927966
245.67230237168582,Tin,87.71927702630906,51.989351977707486,2021-12-17 16:32:30.927967
160.88091495759807,Tin,62.985836991818786,31.74376537298862,2021-12-16 16:32:30.927967
418.5960429533899,Others,43.77969171276417,423.3351441531975,2021-12-15 16:32:30.927968
409.73714553604066,Tiled,35.72051999732832,84.56537809723785,2021-12-14 16:32:30.927968
362.61341188449205,Tiled,28.290078197747853,606.8469555401391,2021-12-13 16:32:30.927969
172.4653117534832,Tiled,78.56183722399275,880.9730056396575,2021-12-12 16:32:30.927969
315.60380009108917,Tiled,44.78864561407251,882.9148165187222,2021-12-11 16:32:30.927970
212.43825362301206,Tiled,56.0147915980676,659.0454101322324,2021-12-10 16:32:30.927970
91.21193299698537,RCC,54.309293200106374,211.23183147293102,2021-12-09 16:32:30.927970
462.79110895800926,Tin,61.95511263098181,862.9968313588721,2021-12-08 16:32:30.927971
111.56838391353263,RCC,87.9019431062097,886.0934353132081,2021-12-07 16:32:30.927971
477.6068092193611,Tiled,98.26654092250864,196.6535849529587,2021-12-06 16:32:30.927972
250.70259783108008,Others,46.68257877164353,737.4260857706772,2021-12-05 16:32:30.927972
